great,6104
small,4565
top,4062
soft,3275
little,3189
comfortable,2962
perfect,2890
nice,2861
large,2787
beautiful,2754
cute,2070
fit,1955
good,1929
much,1857
more,1853
big,1835
short,1755
black,1715
true,1668
white,1446
super,1420
petite,1247
flattering,1137
many,1091
long,1090
wear,1084
tight,1077
gorgeous,1039
high,1022
regular,1020
casual,997
loose,980
right,977
thin,945
fabric,932
usual,878
light,869
different,855
first,845
sure,844
overall,765
blue,723
wide,707
happy,701
pretty,693
unique,665
easy,664
red,650
extra,649
smaller,633
better,630
green,626
such,616
boxy,611
same,607
full,576
low,567
most,566
larger,553
adorable,548
worth,546
huge,541
didn,540
warm,522
shorter,516
fine,512
ordered,502
wish,498
favorite,491
normal,489
skinny,484
few,470
longer,456
heavy,450
thick,443
like,427
able,423
tall,415
glad,406
disappointed,398
bad,389
new,387
online,382
navy,381
best,368
only,366
waist,365
dress,362
last,362
lightweight,360
flowy,358
dark,354
chest,352
versatile,347
comfy,346
back,343
feminine,343
local,333
due,331
least,326
doesn,321
front,321
hard,317
hot,314
bottom,310
lovely,309
classic,305
several,304
don,301
stylish,286
vibrant,284
fitted,280
snug,280
wonderful,279
available,277
cheap,275
cool,270
bigger,266
fun,264
bit,263
previous,263
enough,261
open,261
tunic,255
flat,254
special,252
amazing,252
love,247
bright,245
simple,245
tiny,241
elastic,241
excited,239
higher,233
curvy,232
wasn,230
stretchy,230
lower,227
unflattering,227
similar,220
gray,220
second,218
athletic,217
substantial,215
neutral,215
own,214
material,214
broad,213
delicate,210
wrong,207
stiff,204
basic,202
ll,202
cold,201
rich,201
upper,199
weird,197
slim,196
sheer,195
baggy,194
deep,194
elegant,193
odd,192
lbs,190
underneath,189
next,186
medium,185
bust,183
awesome,182
busty,177
yellow,175
dry,174
real,173
less,172
tried,170
typical,168
itchy,166
interesting,166
worn,165
fabulous,165
tts,165
pictured,165
pleased,164
sad,164
see-through,163
subtle,163
fantastic,162
neckline,161
sweater,158
roomy,158
floral,158
cozy,156
dressy,155
narrow,155
nude,153
old,152
whole,150
ok,150
chic,147
cami,145
straight,144
strange,143
excellent,142
difficult,141
grey,140
appropriate,138
heavier,136
pregnant,135
couldn,135
expensive,131
oversized,130
liked,126
classy,125
length,124
slight,124
natural,123
solid,123
loved,123
sexy,122
isn,122
uncomfortable,121
arm,121
lighter,118
bulky,115
looser,114
brown,114
pattern,114
poor,114
sleeve,113
cropped,110
coral,110
shirt,110
bought,107
jean,104
average,103
t-shirt,102
past,101
attractive,100
a-line,100
everyday,99
unusual,99
ve,98
frumpy,98
pale,96
sloppy,95
afraid,95
relaxed,95
careful,95
form,94
wouldn,94
romantic,94
tad,93
sweet,92
purchased,92
side,92
ankle,91
denim,91
multiple,90
surprised,90
terrible,90
recommend,89
pilcro,87
adjustable,86
well-made,85
disappointing,85
cardigan,84
scratchy,84
entire,84
middle,84
purple,83
mid,83
awkward,83
worried,83
go-to,83
give,83
awful,81
pink,81
olive,81
bra,80
tank,80
hesitant,80
tie,79
airy,79
tighter,78
negative,78
silky,78
swingy,78
ivory,77
clingy,77
staple,75
collar,74
read,72
wider,72
early,71
particular,71
crazy,71
inch,70
free,69
ridiculous,69
skin,69
clean,69
weigh,68
muscular,68
camisole,67
prettier,67
actual,67
thought,67
generous,67
modern,66
skirt,66
flimsy,65
stunning,65
wanted,64
possible,64
wearable,63
modest,63
shapeless,63
sturdy,62
legs,62
voluminous,62
linen,62
looked,61
agree,60
asymmetrical,59
saw,59
metallic,59
weight,58
quality,58
breathable,58
pricey,57
single,57
colorful,57
vest,57
late,57
ag,57
pear,56
touch,56
tummy,56
visible,55
4-6,55
formal,55
likely,55
additional,54
luxurious,53
lace,53
structured,53
fitting,53
accurate,53
double,53
dressier,53
correct,52
aware,52
thigh,52
positive,52
reviewer,52
professional,52
sophisticated,52
faux,52
noticeable,51
washable,51
softer,50
billowy,50
pant,49
feels,49
thinner,49
transitional,49
lucky,49
outfit,49
main,49
sewn,49
overwhelming,49
general,48
keeper,48
biggest,48
live,48
xxs,48
plain,48
beige,48
nervous,47
close,47
bohemian,47
mixed,47
third,47
mine,47
flare,47
incredible,46
unlined,46
standard,46
l,46
warmer,46
zipper,46
okay,46
type,46
torso,46
softest,45
rough,45
horrible,45
figure,45
recent,45
fresh,45
strapless,44
funny,44
leather,44
tricky,44
slip,44
decent,43
impressed,43
sized,43
thicker,43
ready,43
conservative,43
sleeveless,43
added,42
fair,42
quite,42
detailed,42
cut,42
functional,42
retailer,42
x-small,42
smallest,42
smooth,41
young,41
certain,41
tan,41
colored,41
necessary,41
slimmer,41
blousy,41
durable,40
whimsical,40
rare,40
muted,40
taller,40
enormous,40
practical,39
lean,39
6-8,39
outside,39
timeless,39
form-fitting,39
sensitive,39
willing,39
forgiving,39
embroidered,39
wore,39
wool,39
ran,38
trim,38
younger,38
traditional,38
darker,38
personal,38
maeve,38
inner,37
major,37
waisted,37
on-line,37
fancy,37
high-waisted,37
need,37
flow,37
slender,37
hip,36
fits,36
burgundy,36
tailored,36
alternative,36
plenty,36
brighter,36
wine,36
think,36
website,36
happier,35
slouchy,35
obvious,35
ideal,35
gold,35
curvier,35
worse,35
breezy,35
trendy,35
hem,35
tough,34
couple,34
potential,34
wash,34
got,34
impossible,34
received,34
strong,34
original,34
raw,34
closer,34
intricate,33
minor,33
have,33
easier,33
funky,33
returned,33
chunky,33
reese,33
total,33
unexpected,32
want,32
c,32
layered,32
found,32
orange,32
current,31
v,31
quick,31
short-waisted,31
peplum,31
tent,31
crisp,31
washed,31
busy,31
quirky,30
worst,30
shiny,30
w,30
various,30
plaid,30
8-10,30
bold,30
slimming,30
unfortunately,30
older,30
wrinkled,30
boring,30
giant,30
plus,30
edgy,30
polished,30
distressed,30
horizontal,30
leg,29
looks,29
2-4,29
cuter,29
off-white,29
important,29
flirty,29
shoulder,29
cooler,29
underwear,28
skeptical,28
teal,28
polka,28
gentle,28
rear,28
im,28
butt,28
boyfriend,28
definite,28
excess,27
absolute,27
vivid,27
exact,27
numerous,27
chested,27
ft,27
cream,27
embroidery,27
chose,27
ample,27
bummed,26
inside,26
sleep,26
winter,26
tops,26
cutest,26
clear,26
light-weight,26
unbuttoned,26
soooo,26
see,26
do,26
striped,25
conscious,25
transparent,25
fall,25
unsure,25
nicer,25
neck,25
photo,25
stripe,25
cashmere,25
fashionable,24
stick,24
unwearable,24
concerned,24
complete,24
oh,24
10-12,24
noticed,24
humid,24
fat,24
aesthetic,24
drapey,24
unfinished,24
half,24
retro,23
minimal,23
fragile,23
color,23
pure,23
upcoming,23
ultra,23
vertical,23
puffy,23
flip,23
sooo,23
understated,23
kept,23
sleek,23
body,23
1-2,23
outer,23
broader,23
wow,23
peasant,23
faded,23
belt,23
height,22
mesh,22
wrinkly,22
sz,22
removable,22
strappy,22
tag,22
effortless,22
golden,22
hte,22
massive,22
pear-shaped,22
south,22
knee,22
gotten,21
shaped,21
square,21
key,21
winner,21
v-neck,21
birthday,21
future,21
unfortunate,21
baggier,21
guess,21
hippy,21
tent-like,21
static,21
ordinary,21
38-30-40,21
consistent,21
uneven,21
opaque,20
thread,20
armpit,20
spectacular,20
usa,20
print,20
lavender,20
hidden,20
lined,20
w/,20
sparkly,20
defective,20
confident,20
spring/summer,20
rust,20
complimentary,20
deal,20
roomier,20
southern,20
cheaper,20
midi,20
untucked,20
dull,20
width,20
visual,20
reversible,19
b,19
fuzzy,19
boxier,19
nightgown,19
striking,19
widest,19
superb,19
deeper,19
interested,19
th,19
honest,19
synthetic,19
mid-thigh,19
unattractive,19
work,19
dolman,19
flared,19
snap,19
flower,19
outstanding,19
saturated,19
piece,19
textured,19
poncho,19
exquisite,18
please,18
write,18
know,18
stretch,18
public,18
apparent,18
closed,18
dreamy,18
in-between,18
dramatic,18
true-to-size,18
off-the-shoulder,18
helpful,18
curious,18
picky,18
thru,18
terrific,18
poofy,18
maxi,18
pleasant,18
armhole,18
silk,18
sharp,18
patterned,18
felt,18
creative,18
layer,17
e,17
crotch,17
prior,17
precious,17
darn,17
yoga,17
scarf,17
colder,17
cant,17
suppose,17
swim,17
low-cut,17
photos,17
restrictive,17
diagonal,17
dowdy,17
dusty,17
o,17
north,17
over-sized,17
sizes,17
bustier,17
gigantic,17
preferred,17
sorry,17
neat,17
shame,17
add,17
disagree,17
high-low,17
suede,17
floppy,17
pleated,17
supportive,16
waistline,16
bc,16
fluffy,16
vegan,16
won,16
friday,16
boots,16
suitable,16
caught,16
high-quality,16
greenish,16
lose,16
flexible,16
disappointment,16
left,16
distinctive,16
hopeful,16
sweatshirt,16
appreciate,16
acceptable,16
contemporary,16
common,16
essential,16
florida,16
holiday,16
burnt,16
mild,16
swing,16
slightest,15
romper,15
2-3,15
reasonable,15
long-sleeved,15
playful,15
specific,15
lazy,15
useful,15
cartonnier,15
exceptional,15
miss,15
paige,15
divine,15
attached,15
cover-up,15
busted,15
34d-27-35,15
eye-catching,15
gauzy,15
boho,15
down,15
vintage,15
largest,15
military,15
boiled,14
acrylic,14
opposite,14
serious,14
s/m,14
xsmall,14
receive,14
fuller,14
proper,14
significant,14
stomach,14
baby,14
haven,14
fussy,14
festive,14
slit,14
stevie,14
rib,14
f,14
separate,14
exclusive,14
blah,14
peachy,14
sack-like,14
look,14
button-down,14
velvet,14
stiffer,14
button,14
decorative,14
earlier,14
summery,14
sheen,14
frayed,14
fur,14
xxsp,14
3-4,14
detachable,14
popular,14
hourglass,14
imagine,14
arrived,14
girly,13
wardrobe,13
lb,13
artistic,13
active,13
m/l,13
pulled,13
endless,13
polyester,13
rest,13
tacky,13
sticky,13
safe,13
further,13
intense,13
unnecessary,13
loose-fitting,13
nautical,13
steal,13
me-,13
well-designed,13
regret,13
beware,13
liner,13
shade,13
design,13
unstructured,13
hole,13
u,13
richer,13
mean,13
graphic,13
above,13
model,12
ribbed,12
n,12
fancier,12
bubble,12
see-thru,12
lush,12
thrilled,12
knit,12
compliment,12
impeccable,12
glamorous,12
taupe,12
xs-s,12
saggy,12
ruffle,12
wrinkle,12
defined,12
chesty,12
blush,12
pinkish,12
outdoor,12
silver,12
med,12
fyi,12
sleeved,12
gathered,12
straighter,12
narrower,12
fix,12
hung,12
magical,12
reddish,12
extreme,12
perfection,12
dress-,12
highest,11
runs,11
matching,11
aren,11
teeny,11
cheerful,11
buttery,11
handy,11
confused,11
affordable,11
bizarre,11
french,11
chilly,11
dye,11
it-,11
inconsistent,11
ill,11
appear,11
hope,11
else,11
understand,11
recommended,11
cowboy,11
undone,11
drab,11
saturday,11
plum,11
steep,11
grayish,11
undecided,11
tee,11
woven,11
rayon,11
frame,11
brownish,11
lace-up,11
xsp,11
flowey,11
year-round,11
soo,11
shear,11
sky,11
empire,11
decided,11
excessive,11
jersey,11
brilliant,11
geometric,11
stet,11
garment,10
invisible,10
hate,10
delightful,10
initial,10
oatmeal,10
capri,10
lift,10
cal,10
top-,10
interior,10
flaws,10
creamy,10
contrary,10
26-27,10
hugs,10
flowing,10
etc,10
closet,10
expect,10
wide-leg,10
exaggerated,10
yes,10
covered,10
surprising,10
needed,10
texas,10
problematic,10
tucked,10
proportional,10
intentional,10
underarm,10
suggest,10
bib,10
hides,10
arrive,10
38-32-40,10
pair,9
adequate,9
cup,9
daily,9
33-25-37,9
shower,9
backside,9
needless,9
hi-lo,9
anniversary,9
harder,9
layering,9
mad,9
delicious,9
sooooo,9
wrist,9
shimmery,9
uniqueness,9
unzipped,9
youthful,9
final,9
checked,9
lot,9
messy,9
identical,9
keep,9
pull,9
rid,9
elbow,9
build,9
undershirt,9
moderate,9
victorian,9
weather,9
lady,9
pencil,9
viscose,9
dreaded,9
engagement,9
overpriced,9
pouch,9
long-waisted,9
post-baby,9
lays,9
avoid,9
xs/s,9
small-chested,9
suspect,9
sizing,9
shrunk,9
fluid,9
satisfied,9
maternity-ish,9
near,9
mauve,9
loud,9
western,9
bodice,9
size-,9
undergarment,9
uniform,9
printed,9
instant,9
bow,9
neon,9
mini,9
seams,9
heeled,9
indian,9
notice,9
european,9
superior,9
flashy,8
untied,8
pj,8
fleece,8
loungewear,8
animal,8
accent,8
curvy/muscular,8
unraveled,8
upset,8
li,8
skimpy,8
inexpensive,8
rigid,8
sheerness,8
san,8
round,8
sun,8
def,8
27-28,8
ive,8
breast,8
straps,8
sunny,8
fit-,8
girl,8
impractical,8
informal,8
dirty,8
torn,8
ill-fitting,8
necklace,8
cautious,8
draped,8
supple,8
tired,8
semi,8
fl,8
fall/winter,8
wary,8
forest,8
tumble,8
find,8
0-2,8
blonde,8
paired,8
appealing,8
partial,8
tulle,8
random,8
floaty,8
dd,8
rainy,8
on-trend,8
bother,8
make,8
well-,8
on-,8
primary,8
flat-chested,8
degree,8
dumpy,8
buy,8
misleading,8
sparkle,8
mindful,8
keyhole,8
hang,8
shot,8
turtle,8
pull-on,8
grabbed,8
asymmetric,8
pronounced,8
comical,8
mid-weight,8
snugger,8
wrap,8
bridal,8
used,7
twisted,7
padded,7
leggings,7
phenomenal,7
wil,7
pajama,7
semi-sheer,7
mid-rise,7
slinky,7
royal,7
oversize,7
ski,7
great-,7
ginormous,7
plan,7
shape,7
definitely,7
sweater-like,7
return,7
limited,7
ensemble,7
dressed,7
unhappy,7
constructed,7
apprehensive,7
constant,7
workable,7
daytime,7
wet,7
turquoise,7
bluish,7
spot-on,7
pineapple,7
symmetrical,7
friendly,7
impulse,7
b/c,7
fringe,7
tasteful,7
everywhere,7
unforgiving,7
modesty,7
ordering,7
graceful,7
social,7
uncertain,7
stuck,7
in-person,7
worked,7
complementary,7
underwhelmed,7
fab,7
impressive,7
button-up,7
cloth,7
detail,7
halter,7
maternity,7
scalloped,7
full-figured,7
accentuated,7
exposed,7
big-,7
revealing,7
asap,7
jsut,7
sanctuary,7
truly,7
gaping,7
tapered,7
sigh,7
ethereal,7
prepared,7
hanger,7
poly,7
flattering-,7
spring,7
ish,7
lbs-,7
tshirt,7
greatest,7
audrey,7
lilac,7
doable,7
p,7
feel,7
wee,7
re-ordered,7
ha,7
windy,7
prominent,7
warmth,7
seam,7
welcome,7
sunday,7
unable,7
seasonal,7
seemed,7
end,7
exciting,7
shouldn,7
tegan,7
fake,6
intact,6
buttoned,6
gown,6
seamless,6
confortable,6
spanx,6
sleepwear,6
33-25-37ish,6
lingerie,6
waffle,6
boobs,6
springy,6
strap,6
gal,6
swimwear,6
australian,6
alas,6
umbrella,6
wont,6
lay,6
snow,6
drop,6
hit,6
moss,6
sick,6
small/medium,6
ten,6
muddy,6
thankful,6
seamstress,6
aka,6
low-rise,6
art,6
weak,6
beach,6
stuff,6
charming,6
hi-low,6
awhile,6
garish,6
non-petite,6
upon,6
sporty,6
peek-a-boo,6
anywhere,6
coarse,6
web,6
plastic,6
multi,6
trapeze,6
updated,6
bead,6
very,6
come,6
cinched,6
bare,6
dingy,6
fav,6
wiggle,6
bummer,6
well-fitting,6
abt,6
hadn,6
flow-y,6
curvy/athletic,6
preppy,6
beautiful-,6
so-so,6
dress-up,6
borderline,6
and/or,6
wonky,6
flows,6
anticipated,6
figure-flattering,6
paris,6
well-constructed,6
unavailable,6
flawless,6
anxious,6
instagram,6
fit-and-flare,6
14-16,6
thin-,6
tear,6
poppy,6
immediate,6
occasional,6
super-soft,6
ugh,6
thank,6
long-sleeve,6
large-,6
finish,6
aline,6
texture,6
work-appropriate,6
hemline,6
mustard,6
gamble,6
christmas,6
purplish,6
realistic,6
color-,6
flatter,6
fuss,6
grateful,6
bulkier,6
minute,6
serif,6
show,6
silhouette,6
longest,6
built-in,6
skims,6
beat,6
hideous,6
chocolate,6
shortest,6
shift,6
bordeaux,5
boy,5
one-piece,5
continuous,5
natori,5
streamlined,5
misshapen,5
lol,5
+,5
shut,5
flannel,5
over-the-knee,5
up-,5
rustic,5
multi-season,5
label,5
yummy,5
quibble,5
fave,5
painful,5
well-endowed,5
useless,5
carry,5
individual,5
worthy,5
small-,5
nicest,5
convenient,5
peek,5
boyish,5
lacy,5
no-go,5
athletic/muscular,5
booty,5
aqua,5
simplistic,5
center,5
over-the-top,5
lik,5
west,5
exterior,5
followed,5
shy,5
tangerine,5
fast,5
39-28-35,5
prettiest,5
heathered,5
bum,5
below,5
sassy,5
4-5,5
leggy,5
lacey,5
pullover,5
muffin,5
northern,5
choose,5
this-,5
vs,5
unwanted,5
didnt,5
non,5
crocheted,5
high/low,5
beaded,5
swiss,5
comparable,5
box,5
meant,5
table,5
irregular,5
poufy,5
refined,5
bronze,5
sent,5
prone,5
clown,5
buttondown,5
shirt-,5
passed,5
pleasing,5
12-14,5
corduroy,5
otherwise,5
though,5
versitile,5
wide-legged,5
fo,5
=,5
low-key,5
dried,5
upscale,5
evident,5
laughable,5
fluttery,5
flair,5
re,5
sat,5
pxs,5
translucent,5
sister,5
say,5
fold,5
moveable,5
appeared,5
opened,5
retail,5
along,5
fullness,5
combo,5
exception,5
34-b,5
fan,5
small-busted,5
niece,5
tied,5
causal,5
inverted,5
halloween,5
weighty,5
proportionate,5
reordered,5
pet,5
pic,5
cardi,5
nope,5
figured,5
j,5
linen-like,5
ecstatic,5
obnoxious,5
somehow,5
immodest,5
blue-green,5
blazer,5
hide,5
doubtful,5
representative,5
vary,5
unraveling,5
cleaner,5
works,5
sufficient,5
loyal,5
metal,5
suede-like,5
knew,5
st,5
reminiscent,5
droopy,5
risky,5
get,5
large-chested,5
inspired,5
surprise,5
dear,5
smart,5
splurge,5
crochet,5
tolerable,5
stated,5
eclectic,5
lining,5
hei,5
stunner,5
frustrating,5
derriere,5
stop,5
mom,5
carefree,5
hips,5
bothersome,4
disproportionate,4
worthwhile,4
underwire,4
thong,4
thinnest,4
present,4
longish,4
stumpy,4
teensy,4
enjoy,4
lounge,4
tree,4
prefect,4
lengthy,4
accidental,4
nylon,4
unbelievably,4
28-29,4
socal,4
5-10,4
secure,4
close-up,4
shimmer,4
bunch,4
tigh,4
fox,4
walked,4
holy,4
arrival,4
m-l,4
stronger,4
regardless,4
full-length,4
heaven,4
fluke,4
gym,4
inbetween,4
cuffed,4
cowl,4
child,4
luxe,4
shocked,4
dead,4
off-center,4
rounded,4
inappropriate,4
seem,4
stained,4
sexier,4
navy/white,4
boob,4
fold-over,4
former,4
wavy,4
bandeau,4
und,4
taper,4
antique,4
closest,4
as-is,4
upright,4
scoop,4
wondered,4
yucky,4
guest,4
optimistic,4
mint,4
lg,4
squishy,4
weren,4
wide-,4
net,4
shoulders/bust,4
sa,4
flesh,4
blousey,4
baby-doll,4
advertised,4
reluctant,4
rougher,4
described,4
eyelet,4
snagged,4
tiered,4
hefty,4
fe,4
off-,4
trusty,4
cover,4
ti,4
extraordinary,4
though-,4
finished,4
wld,4
blouse,4
orange-red,4
god,4
con,4
gauze,4
h,4
promo,4
scallop,4
strangest,4
criss,4
machine-washable,4
organic,4
stil,4
distinct,4
bra-less,4
decide,4
thickish,4
rusty,4
aspect,4
meadow,4
threw,4
substantive,4
g,4
sturdier,4
smallish,4
countless,4
juvenile,4
purpose,4
5-2,4
over-priced,4
beneath,4
featured,4
tea,4
turtleneck,4
si,4
drop-waist,4
bear,4
summertime,4
toned,4
macrame,4
abstract,4
iridescent,4
adn,4
nubby,4
well-done,4
vibe,4
shrank,4
summer/early,4
bag,4
flabby,4
earthy,4
costume,4
rave,4
resistant,4
modal,4
swishy,4
teacher,4
slouch,4
dolan,4
human,4
draw,4
tiniest,4
deceptive,4
angled,4
a/c,4
meh,4
irritating,4
tenty,4
self-conscious,4
ps,4
finding,4
long-,4
blue-ish,4
sm,4
appreciated,4
top-heavy,4
material-,4
bulk,4
mentioned,4
consider,4
affect,4
constrictive,4
ribbon,4
peach,4
boo,4
snag,4
puppy,4
under-layer,4
glove,4
beauty,4
american,4
fortunate,4
____________,4
pros,4
sweater-,4
win,4
antro,4
uk,4
ruffled,4
laid,4
sp,4
stray,4
severe,4
classier,4
classical,4
blue/green,4
british,4
off,4
ruin,4
stark,4
delighted,4
10-15,4
bracelet,4
overwhelmed,4
tha,4
high-rise,4
in-store,4
bell,4
nyc,4
ladylike,4
childish,4
stylist,4
lapel,4
spent,4
softness,4
stuffed,4
te,4
extensive,4
mid-calf,4
narrowest,4
unrolled,4
sewn-in,4
alone,4
_______,4
subdued,4
flatering,4
irl,4
non-existent,4
pricier,4
25-26,4
citizen,4
issue,4
kinda,4
postpartum,4
fourth,4
no-brainer,4
unnatural,4
grecian,4
sheath,4
32-24,4
upside,4
doesnt,4
hand-knit,3
dress/tunic,3
challenge,3
favourite,3
push-up,3
applied,3
purchase,3
thermal,3
thickness,3
upbeat,3
guilty,3
@,3
questionable,3
medium-weight,3
gingham,3
tube,3
smoother,3
latter,3
sherpa,3
saturday/sunday,3
bonus,3
confusing,3
tightened,3
dainty,3
desert,3
shinier,3
long-ish,3
double-sided,3
ex,3
bathing,3
manageable,3
irresistible,3
x,3
toasty,3
thumb,3
cure,3
bomb,3
northeast,3
slouchier,3
cheekier,3
cuff,3
unimpressed,3
as-pictured,3
125-130,3
note,3
luckily,3
happen,3
back-ordered,3
inseam,3
high-wasted,3
create,3
smitten,3
show-through,3
usable,3
stayed,3
ratty,3
overly,3
lar,3
unreasonable,3
bikini,3
caused,3
twist,3
loop,3
content,3
costly,3
green/blue,3
underside,3
hoped,3
let,3
placement,3
goodness,3
gap,3
petitie,3
vey,3
adorable-,3
petite-,3
expose,3
38-26-38,3
neoprene,3
stupid,3
24-25,3
sumptuous,3
sadly,3
needle,3
grea,3
leery,3
wished,3
desperate,3
eva,3
annoyed,3
nightie,3
diaphanous,3
incorrect,3
prefered,3
tropical,3
scandalous,3
cross,3
silly,3
optional,3
29-30,3
travel,3
leaner,3
triangle,3
throw-on-and-go,3
throw-on,3
lifeless,3
describe,3
split,3
showy,3
properly,3
update,3
horrid,3
floreat,3
unfamiliar,3
double-layered,3
crinkly,3
salmon,3
dominant,3
over-shirt,3
pretty-,3
poorly,3
feeling,3
xs-,3
markdown,3
bent,3
tuck,3
frontal,3
overweight,3
smidge,3
august,3
timely,3
34/35a-28-36,3
iffy,3
pressed,3
glorious,3
spare,3
uppe,3
gauze-like,3
nature,3
faux-fur,3
super-flattering,3
dislike,3
darling,3
-it,3
skier,3
midriff,3
bustline,3
secret,3
comfortable-,3
dynamite,3
silvery,3
innocent,3
wasted,3
southeast,3
34d-dd,3
utterly,3
poplin,3
rumpled,3
online-,3
shop,3
black-and-white,3
unbelted,3
catchy,3
altered,3
residual,3
tie-neck,3
svelte,3
ripped,3
flutter,3
thirty,3
ruined,3
high-end,3
year-old,3
air-dried,3
female,3
al,3
put-together,3
arms,3
pro,3
leave,3
small-framed,3
valentine,3
picnic,3
convinced,3
boho-chic,3
teh,3
stable,3
35-29-37,3
debated,3
nice-,3
summer-,3
mess,3
realized,3
refreshing,3
thoughtful,3
coolest,3
___________,3
reg,3
camo,3
tedious,3
underlay,3
hand-wash,3
nude-colored,3
extra-small,3
favorable,3
cinch,3
gappy,3
poof,3
hottest,3
tucked-in,3
fray,3
hits,3
chambray,3
crepe,3
fall/,3
artsy,3
largish,3
folded,3
thinnish,3
frequent,3
struggle,3
focal,3
ombre,3
fewer,3
regualr,3
scared,3
5-3,3
sometimes,3
sizing-,3
liking,3
hand-washed,3
kid,3
tab,3
antrho,3
disappoint,3
supima,3
ultimate,3
+/-,3
tulip,3
brick,3
see-though,3
motif,3
t-,3
post,3
shown-,3
37-29-39,3
body-skimming,3
horrendous,3
wasnt,3
genius,3
sandy,3
xspetite,3
quilted,3
a+,3
drapery,3
yellowish,3
cotton,3
chillier,3
cute-,3
ponte,3
loo,3
bay,3
sudden,3
grey/green,3
coming,3
humongous,3
slub,3
tee-shirt,3
eggplant,3
dot,3
body-hugging,3
go,3
purchasing,3
opening,3
magic,3
reverse,3
fading,3
authentic,3
tank/cami,3
muggy,3
inadequate,3
charcoal,3
blueish,3
poofs,3
waist-,3
pearl,3
notch,3
styled,3
chill,3
-7,3
well-worn,3
air-drying,3
easter,3
blend,3
expected,3
shortened,3
whitish,3
btw,3
cozier,3
pick,3
tie-dye,3
edgier,3
weave,3
resist,3
masculine,3
swear,3
destroyed,3
make-up,3
trust,3
star,3
skin-toned,3
l/xl,3
sewer,3
chiffon,3
smocked,3
flats,3
femine,3
kimono,3
35-29-36,3
shapewear,3
reviews,3
scratchier,3
till,3
bunchy,3
beachy,3
ta,3
picked,3
sheds,3
sizes-,3
non-stretchy,3
opted,3
midweight,3
lost,3
asked,3
ease,3
successful,3
cornflower,3
blue/,3
drapes,3
ribs,3
full-price,3
hardest,3
charlie,3
promising,3
unwieldy,3
falttering,3
broken,3
win-win,3
style-,3
cut-out,3
started,3
yarn,3
subpar,3
ludicrous,3
above-the-knee,3
beloved,3
wooly,3
betty,3
adored,3
crushed,3
snowy,3
uber,3
dog,3
foot,3
long-time,3
wild,3
spring/fall,3
4th,3
structural,3
brocade,3
menswear,3
understatement,3
marvelous,3
amazed,3
non-stop,3
slash,3
stuffy,3
alright,3
wrapped,3
firm,3
springtime,3
straw,3
mexican,3
ankle-length,3
gorgeous-,3
pointy,3
38-30-38,3
remarkable,3
falls,3
pliable,3
__________,3
obsessed,3
varied,3
sits,3
business-casual,3
limp,3
imo,3
erin,3
convert,3
skinnier,3
stretchier,3
navel,3
imperfect,3
premium,3
laundry,3
ask,3
htey,3
handle,3
pilco,3
pants-,3
ocean,3
east,3
hyphen,3
internal,3
5-5,3
dont,3
voluptuous,3
no-fuss,3
mellow,3
sandal,3
quality-,3
handkerchief,3
nightmare,3
38-27-35,3
easy-to-wear,3
derby,3
lumpy,3
hundred,3
ignored,3
_________,3
wildest,3
irish,3
savvy,3
bi,3
5-32,3
wi,3
nipple,3
rifle,3
trench,3
smile,2
whereas,2
saddlebag,2
aggressive,2
marilyn,2
gre,2
t-back,2
laced,2
skim,2
lint,2
loosest,2
frosty,2
godsend,2
hybrid,2
calf,2
oatmeal/beige,2
unstitched,2
replacement,2
furry,2
brief,2
knee-high,2
shabby,2
polar,2
fleece-lined,2
generic,2
nuts,2
mediterranean,2
flesh-colored,2
dream,2
two-tone,2
2-tone,2
w/o,2
5-1,2
creme,2
ador,2
holidays,2
stoked,2
33-34,2
foxes,2
scotty,2
mn,2
whimsy,2
convertible,2
mara,2
tightest,2
heather,2
dreadful,2
mary,2
use,2
unclear,2
yellowy,2
dang,2
must-have,2
shallow,2
is-,2
small-ish,2
in-,2
age-appropriate,2
shock,2
wear-,2
mid-40,2
fyi-,2
loose/baggy,2
dread,2
conformable,2
lace-like,2
characteristic,2
shawl,2
sundry,2
fish,2
constricted,2
20-30,2
skinniest,2
s-m-l,2
financial,2
mom-bod,2
stellar,2
fullest,2
internet,2
hello,2
grandma,2
comfotable,2
5-6,2
seea,2
tankini,2
staticky,2
compatible,2
unnoticeable,2
pajamas,2
ac,2
bed,2
show-stopper,2
volumous,2
clingier,2
soooooo,2
warm-up,2
sad-,2
blue/gray,2
darned,2
promotional,2
optical,2
japanese,2
basketweave,2
w/in,2
elementary,2
delight,2
hawaii,2
ultra-soft,2
empty,2
lil,2
even,2
stitched,2
imaginable,2
user,2
32-34,2
unwrapped,2
unbearable,2
fabr,2
long-torsoed,2
made-,2
non-traditional,2
item,2
bigger/muscular,2
dubious,2
jumper,2
stripes,2
rounder,2
pajama-like,2
underdressed,2
heel,2
bluishgreen,2
shoddy,2
cut/style,2
embarrassing,2
stinking,2
icky,2
atleast,2
dobby,2
scrappy,2
execution,2
slim/athletic,2
39-,2
worry,2
cream/ivory,2
easiest,2
purse,2
sorta,2
34a-28/29-36,2
stretched,2
gravitate,2
shoulder/neck,2
prob,2
heftier,2
treasure,2
sartorial,2
california,2
triangular,2
gauzey,2
not-so-skinny,2
do-able,2
top-i,2
sacklike,2
call,2
utilitarian,2
fear,2
high-waist,2
32-d,2
8-,2
relative,2
buttoned-up,2
autumnal,2
~,2
satin,2
feminie,2
vulgar,2
cheese,2
fir,2
delicate-,2
r,2
bell-sleeve,2
blouse-,2
multi-colored,2
dry-cleaning,2
pinky,2
weight-,2
head,2
worn-in,2
one-of-a-kind,2
duller,2
teen,2
juuuust,2
opt,2
magnificent,2
downfall,2
33-25-33,2
uncut,2
shrunken,2
slippery,2
anyways,2
pop,2
finicky,2
unbuttoning,2
curvier/athletic,2
aforementioned,2
jus,2
nye,2
double-lined,2
ironing,2
loser,2
accessory,2
x-large,2
bough,2
wider/boxier,2
perennial,2
longtime,2
leaf,2
critical,2
hh,2
true-,2
justify,2
maternity-like,2
biased,2
button-front,2
print-,2
cartoonish,2
leggings/skinny,2
miami,2
petite-sized,2
stitch,2
twee,2
plunging,2
gaudy,2
upside-down,2
la,2
starchy,2
laid-back,2
cheery,2
bee,2
on-point,2
loose-fit,2
leary,2
crossed,2
girlie,2
tail,2
exotic,2
3-season,2
petit,2
quest,2
underlayer,2
fa,2
36-38c,2
less-than-perfect,2
maternity-esque,2
cut-off,2
powder,2
percent,2
light-colored,2
ch,2
exception-,2
ddd,2
sheer-,2
sewing,2
disastrous,2
perky,2
cobalt,2
well-cut,2
quintessential,2
checkered,2
unbutton,2
bird,2
inaccurate,2
ivory/cream,2
camp,2
lemon,2
arms/chest,2
tentlike,2
abbey,2
bubble-like,2
v-cut,2
satiny,2
rectangular,2
flapper,2
cotton/linen,2
body-type,2
thick/heavy,2
15-20,2
appliquã©d,2
button-,2
fitted-,2
waaaay,2
banded,2
base,2
underlying,2
mrs,2
130-135lbs,2
orange/blue,2
forth,2
omg,2
epitome,2
unfitted,2
bday,2
maybe,2
non-flattering,2
tassel,2
lanky,2
vast,2
embossed,2
spring-,2
tunic-style,2
matronly,2
cap,2
comf,2
windowpane,2
hence,2
regulat,2
34a-28-26,2
atrocious,2
feminine/romantic,2
littl,2
ike,2
unfort,2
dress-down,2
sequin,2
br,2
fanatic,2
tacked,2
list,2
longer-,2
noted,2
stunning-,2
tweed,2
acetate,2
dry-clean,2
terrycloth-like,2
broad-shouldered,2
desired,2
hold,2
pops,2
full-time,2
ah,2
crimson,2
review,2
billow,2
soft-,2
braless,2
every-day,2
34-36,2
reliable,2
crew,2
all-purpose,2
all-around,2
belly,2
do-over,2
double-v,2
skimming,2
avid,2
34-d,2
white/yellow,2
apt,2
marled,2
meda,2
one-,2
wearer,2
unimpressive,2
sooooooo,2
whim,2
perfect-,2
not-,2
leopard,2
summary,2
mall,2
weary,2
deletta,2
effective,2
photo-,2
chinos,2
knot,2
outrageous,2
evergreen,2
red-,2
much-,2
bad-,2
llonger,2
noticable,2
mommy,2
accordian,2
sf,2
mock,2
berry,2
drape-y,2
hassle,2
itty,2
hook,2
orangish,2
wouldnt,2
raspberry,2
medium/8,2
baroque,2
faster,2
ultimately,2
solo,2
definitive,2
super-sale,2
winter/fall,2
unrealistic,2
geometrical,2
trimmer,2
bland,2
slant,2
purposeful,2
navy/green,2
annoying,2
unpleasant,2
di,2
classy-,2
nonetheless,2
regularly,2
lunch,2
lowest,2
quit,2
balloony,2
snags,2
khaki,2
mottled,2
peep,2
soft/comfortable,2
rue,2
included,2
c-d,2
richly-colored,2
glittery,2
photographs,2
tailor-fitted,2
regular-length,2
imho,2
imagined,2
fiddled,2
greenville,2
loke,2
slim/straight,2
huuuge,2
arty-looking,2
disliked,2
bottom-heavy,2
thi,2
self,2
-4,2
ol,2
mauve-ish,2
long-legged,2
lifestyle,2
pendant,2
lovey,2
low-,2
murky,2
shortish,2
dropped,2
unreliable,2
puff,2
unflatering,2
gianormous,2
coul,2
mediocre,2
december,2
lackluster,2
january,2
criss-cross,2
espadrille,2
semi-fitted,2
sweatshirt-type,2
cloud,2
punch,2
medical,2
improved,2
tx,2
screen,2
trick,2
hip/butt,2
lie,2
intrigued,2
down-,2
shorty,2
retailer-,2
velcro,2
blowzy,2
breathing,2
relish,2
elevated,2
flowier,2
pre-washed,2
suggested,2
buying,2
collared,2
hasn,2
ot,2
unravel,2
summer/fall,2
mind,2
variable,2
cranberry,2
overnight,2
laundering,2
newer,2
complimented,2
styling,2
bus,2
ranch,2
light-to-medium,2
diet,2
navy/gray,2
spunk,2
sheer/see,2
crumpled,2
big/loose,2
everytime,2
drape,2
hugging,2
pilling,2
heavyweight,2
lipstick,2
freezing,2
paisley,2
enlarged,2
145-150,2
goddess,2
anthto,2
thin-ish,2
formfitting,2
form-,2
elaborate,2
plush,2
sight,2
dense,2
thirteen,2
43-31-43,2
k,2
moth,2
fi,2
librarian,2
unbelievable,2
gained,2
a-cup,2
business/casual,2
gr,2
highwaisted,2
matter,2
taupey,2
ann,2
blank,2
dish,2
twice,2
couldnt,2
couch,2
polka-dot,2
emphasized,2
easy-breezy,2
southwest,2
brisk,2
weightier,2
adjust,2
grown,2
black-,2
too-small,2
slanted,2
dreary,2
hippie,2
attitude,2
weirdest,2
bias,2
ne,2
depicted,2
unseamed,2
marigold,2
um,2
popcorn,2
cosy,2
meet,2
un-button,2
comfort,2
ov,2
super-tiny,2
starkly,2
non-bulky,2
professorial,2
wooden,2
downside,2
eager,2
camel,2
poncho-type,2
subway,2
tremendous,2
t-neck,2
fringed,2
outerwear,2
resemble,2
cumbersome,2
relaxes,2
must-buy,2
frigid,2
short-sleeved,2
t-rex,2
mannequin,2
poly/rayon,2
length-,2
orange-,2
cuz,2
while,2
chubby,2
bomber-style,2
day-to-evening,2
-the,2
shld,2
unsnapped,2
taylored,2
flowered,2
wise,2
comfy-,2
low-waisted,2
coat,2
rosie,2
cape,2
overlooked,2
weekly,2
lambswool,2
rea,2
5-9,2
crucial,2
mossy,2
atlanta,2
smell,2
squat,2
triple,2
velvety,2
silkier,2
jacket,2
zipped,2
slate,2
shearling-lined,2
ambiguous,2
umph,2
fifth,2
wispy,2
frankly,2
bodycon,2
knit-like,2
waited,2
sequined,2
temps,2
absurd,2
50th,2
funeral,2
february,2
weathered,2
coated,2
extended,2
unmatched,2
chino,2
model-,2
intended,2
one-size,2
patten,2
35-36,2
slick,2
fairy,2
mega,2
dind,2
midi-length,2
seam-,2
famous,2
reveal,2
maroon,2
throw,2
pricy,2
knee-length,2
5-4,2
id,2
bag-,2
non-stretch,2
offensive,2
w/a,2
strategic,2
elasticized,2
lucious,2
mod,2
army,2
questioned,2
higher-waisted,2
tr,2
okay-,2
tush,2
risked,2
tru,2
seat,2
sateen,2
person-,2
platform,2
v-shape,2
nordstrom,2
eternal,2
equal,2
wonderful-,2
straight-legged,2
straight-leg,2
pilcros,2
hooked,2
boot,2
27-29,2
wid,2
size-i,2
mih,2
thier,2
wedge,2
polish,2
look-,2
bulge,2
keeps,2
urban,2
uncuff,2
high-heeled,2
legging,2
crude,2
hug,2
quicker,2
unco,2
kick,2
uncommon,2
undo,2
stride,2
32d-31-38,2
midline,2
yay,2
relaxed-fit,2
5-8,2
normal-length,2
sunlight,2
antho,2
hungry,2
stain,2
bootie,2
spilled,2
snappy,2
laundered,2
touched,2
picture,2
take,2
grid,2
y,2
saddle,2
innovative,2
60th,2
zippered,2
neutral-,2
zipper-,2
30th,2
super-skinny,2
utter,2
medium-,2
see-,2
comfrotable,2
day-to-night,2
things-,2
hemmed,2
00p-0p,2
hair,2
planned,2
approximate,2
following,2
stays,2
distracting,2
arm/shoulder,2
frustrated,2
minimum,2
nicely,2
hilarious,2
tule,2
underskirt,2
send,2
anna,2
lowered,2
footwear,2
moto,2
greater,2
lightest,2
bras,2
apple-shaped,2
40-41,2
sung,2
large-ish,2
stocking,2
shirtdress,2
wa,2
otk,2
mango,2
a-frame,2
mp,2
super-hot,2
dimensional,2
under-slip,2
sash,2
francisco,2
assumed,2
sublime,2
missed,2
yo,2
wedding-ish,2
little-girl,2
evening,2
ur,2
warn,2
grab,2
risquã©,2
pre-ordered,2
ver,2
hi/lo,2
mid-shin,2
pre-baby,2
118-120,2
square-apple,2
neater,2
lightwei,2
a-symmetric,2
comfiest,2
amalfi,2
fully-lined,2
squarish,2
traveled,2
later,2
screams,2
dress-the,2
brunch,2
beautifu,2
side-zipper,2
corset-like,2
36c-32-37,2
pesky,2
mona,2
showstopper,2
puffier,2
pre-wedding,2
faint,2
enjoyed,2
musical,2
lovely-,2
crusty,2
disaster,2
flattered,2
4-,2
gracious,2
are-,2
beading,2
plentiful,2
canvas-y,2
tuxedo,2
jeweled,2
equivalent,2
nandita,2
weighted,2
electric,2
earth-tone,2
-can,2
disposable,2
nephew,2
hook-and-eye,2
lovelier,2
trusted,2
gray/yellow,2
34dd-27-42,2
amadi,2
considerable,2
shrug,2
spring/early,2
spend,2
mid-knee,2
waterfall,2
righ,2
re-sew,1
swimsuit-,1
1950s-inspired,1
fillerup-clark,1
barefoot,1
mono-kini,1
angela,1
longline,1
sexy/romantic,1
adore-worthy,1
breathtaking,1
nightie-,1
mischievous,1
beige/brown,1
overkill/unnecessary,1
calvin,1
pink/salmon,1
lighter-colored,1
nyt,1
comforable,1
interchangeable,1
alter,1
flowy-,1
florescent,1
lov,1
office/,1
mix,1
resent,1
elongated,1
bed-,1
pretty/delicate,1
silver/grey,1
mystery,1
styl,1
off-white/palest,1
cool-toned,1
zigzag,1
sheepskin,1
interior-but,1
hood-the,1
straight/athletic,1
almost-lingerie-like,1
pants/around-the-house,1
laziest,1
pegged/slim/tapered,1
nifty,1
developed,1
up-but,1
buttons/color/pattern,1
fairisle,1
bet,1
unacceptable,1
tights-fit,1
jammie,1
lounge-at-home,1
ugg,1
tights-like,1
thigh-length,1
inauthentic,1
lit,1
distinguishable,1
spa-these,1
unike,1
double-checking,1
shrinks,1
slide,1
re-ordering,1
untextured,1
synthetic/almost,1
chemical,1
reserved,1
cohesive,1
john,1
form-fit,1
snuggest,1
creepy,1
bottoms,1
pain-inducing,1
tick,1
lasting,1
put-which,1
georgetown,1
long-johns,1
-even,1
answe,1
neutral/beige,1
cushy,1
26-36,1
ivory-,1
scrunchy,1
higher-up,1
thsi,1
renatkable,1
uplifted,1
slip-which,1
farrier,1
dare,1
tight/,1
muffin-top,1
cheeky,1
self-confidence,1
post-three,1
small-like,1
legs-until,1
on-but,1
boyleg,1
super-comfy-,1
110-115lbs,1
fight,1
scuba,1
dive,1
170-180,1
long-line,1
d-dd,1
apple-ish,1
mom-isn,1
hoodie,1
matchy,1
leggings/yoga,1
tbose,1
unlikely,1
grey-rose-blue,1
glossy,1
smalls,1
retailer-been,1
sale-until,1
it-i,1
comfy/cute,1
justified,1
ruffle-like,1
hemstitch,1
non-adjustable,1
34-28-36,1
shuffle,1
patterns,1
besutiful,1
laced-up,1
inexcusable,1
untreatable,1
ligher,1
much-and,1
defect,1
territory-,1
under-pattern,1
darker/muted,1
caftan,1
dolman-style/drop,1
tone,1
gain,1
tank-in,1
sligh,1
weight-and,1
white/cream,1
winter-spring,1
silicone,1
show-though,1
dvf-ish,1
suuuuper,1
store-along,1
ends,1
abck,1
corporate,1
cart,1
bra-type,1
sec,1
buyi,1
neon-y,1
1/2-1,1
low-rider,1
designer,1
continued,1
wider-hipped,1
blue-gray,1
red-pink,1
bralette-,1
aged,1
lead,1
scandy,1
select,1
gear,1
what-was-i-thinking,1
poetic,1
deal-breaking,1
stick-thin,1
tags,1
these-although,1
stomach/hip,1
daisy-type,1
orange/dk,1
accident,1
pm,1
activewear,1
nonexistent,1
obese,1
perkier,1
mint/seaside,1
lop-sided,1
gi,1
classy/sexy,1
6-ish,1
vpl-,1
138-140,1
106-108,1
mom-ish,1
old-ladyish,1
ar,1
seldom,1
skin-tone/coral,1
longer/broader,1
32-a,1
molded,1
grow,1
wrinkles,1
evocative,1
lounge-sleep,1
pampered,1
barre,1
funnel-neck,1
vibrant-true,1
shorts-just,1
catalog,1
exchanging,1
ruched,1
dual,1
side-zip,1
hotter,1
roomy/baggy,1
absorbent,1
cute-i,1
fabulous-,1
cool-perfect,1
hoffman,1
cross-front,1
33-25-~37,1
brazilian,1
perceive,1
hesitate,1
orangy,1
line-dried,1
level,1
sloppy-,1
in-line,1
life-long,1
told,1
half-way-to-christmas,1
daisy,1
115-120,1
uplifting,1
elosie,1
slip/nighty,1
night-gowns,1
effortless/chic,1
spencer,1
lingere,1
uber-flattering,1
lite,1
cheek,1
polished-casual,1
bumps,1
4-8,1
farrah,1
neda,1
medium-high,1
fusible,1
so-,1
flab,1
middle-age,1
demential,1
xxs-,1
32-24-36,1
amelia,1
whacky,1
nicks-bohemian,1
pig,1
sentimental,1
crinoline,1
rediculous,1
eccentric,1
clue,1
twirly,1
saggier,1
non-elasticized,1
memorial,1
absolutley,1
had,1
wedgie,1
case-,1
semi-dressy,1
healthy,1
sagged,1
sun-protection,1
off-set,1
secure/supportive,1
vix,1
34-28-35,1
front-tucke,1
spades,1
lithe,1
mabli,1
itty-bitty,1
off-putting,1
greek,1
blouse-like,1
limitless,1
trash-baggy,1
exceess,1
everything-,1
tennys,1
polite,1
underwear/bikini/cross-fit,1
addit,1
materical,1
unreal,1
responsible,1
revealing/low,1
negative-,1
super-short,1
santa,1
ways-,1
unsecured,1
eberjey,1
generous-would,1
pyjama,1
pom,1
lounge-wear,1
*almost*,1
snug/too,1
warm-weather,1
painterly,1
beware-,1
low-waist,1
inspirational,1
goodhyouman,1
underrated,1
lounge/sleep,1
lily,1
shifted,1
wire/,1
memorable,1
flatteringly-placed,1
special-looking,1
unmodest,1
incalled,1
assorted,1
padding,1
sweater/kimono,1
alternate,1
heed,1
lux,1
freepeople,1
colors/pattern,1
athletic-wear,1
lounge/,1
saleswoman,1
unforgettable,1
snu,1
yoga-wear,1
nightwear,1
elle,1
tennis,1
shirt-length,1
lighter-weight,1
envious,1
smedium,1
peasant-like,1
racerback,1
staticy,1
pinched,1
brownish-greenish,1
negligee,1
form-hugging,1
/smallest,1
juuuuussst,1
unatural,1
voile-like,1
poodle,1
estatic,1
yellow/green,1
required,1
prevalent,1
hospital,1
well-stocked,1
layering-,1
batik-like,1
specified,1
awate,1
henley,1
soft/cozy,1
plainer,1
flattening,1
classiest,1
passe,1
cross-over,1
throughou,1
fro,1
sur,1
figure-defining,1
stiffy,1
wh,1
half-tucked,1
foo-foo,1
unbreathable,1
floral/stripe,1
qual,1
2nd-trimester-pregnancy-blouse,1
cardigan/,1
doubled-up,1
dark/inkish,1
rayon-gauze-,1
billowy-,1
daughter,1
unpredictable,1
disgusted,1
flowy/swingy,1
internship,1
exampl,1
arms/shoulders/bust,1
cutout,1
peachy-plaid,1
collect,1
tts-,1
0-,1
linen-cotton,1
mid-belly,1
open-,1
broad-ish,1
double-gauze,1
athlete,1
cheaply,1
oppressive,1
ethnic/bohemian,1
topnotch,1
mis-sized,1
orderin,1
beauitiful,1
semi-high,1
kicky,1
nicely-a,1
dusky,1
dahlia,1
embroidery-like,1
spontaneous,1
usu,1
dept,1
boutique,1
blouse-y,1
arms/body,1
larkspur,1
lariat,1
gray-blue,1
crispy,1
figure-,1
fuddy,1
predict,1
calsual,1
110-115,1
lacked,1
disappointing-,1
hoepfulyl,1
oversized/tunic,1
cut-,1
imported,1
filthy,1
flamboyant,1
embroidary,1
cutesy,1
related,1
bac,1
bicep,1
post-pregnancy,1
treat,1
trapezoid-shaped,1
sheerish,1
swept-up,1
wrinkle-prone,1
athletic-built,1
sold,1
kota,1
orde,1
princess-feeling,1
flouncier,1
wearin,1
threw-on-my-boyfriends-shirt,1
substancial,1
shoulders-,1
tencil,1
ama,1
pudge,1
season-less,1
ant,1
shotty,1
desirable,1
qua,1
bauble,1
anorexic,1
unhealthy,1
flannel-y,1
thin/light-weight,1
guazy,1
tencel,1
demin,1
flowy-er,1
size-small-was,1
le,1
sleev,1
tissue-style,1
non-flat,1
poker-straight,1
so-the,1
sheer-it,1
sheer-ness,1
errand-running,1
comfo,1
chambray/denim,1
34c-28-38,1
lifted,1
*is*,1
restricting,1
jewel-like,1
black-navy,1
thinking-,1
vaired,1
all-round,1
high-super,1
ftt,1
tunic-like,1
even-looking,1
camisole/,1
head-turning,1
firned,1
tacky-looking,1
change,1
sutble,1
impecable,1
overseas,1
semi-halter,1
sharking,1
boxy-ish,1
thinner/straighter-shaped,1
nonsolid,1
fem,1
boxiness,1
diy,1
litter,1
swingy/flared,1
seriosu,1
*multiple,1
comfort-z,1
numerically-sized,1
accentuates,1
cat,1
nose,1
2006-2010,1
wheatley,1
sale-only,1
penguin,1
2-year-old,1
woodland-inspired,1
ord,1
00p-0r/xxs-xs,1
lysee,1
oetite/regular,1
patch,1
stretchy-ness,1
embellished,1
swing/loose,1
chest/whole,1
build-,1
rugged,1
cowgirl,1
full-range,1
heavy-lifting,1
disclaimer-,1
cld,1
mid-bust,1
polyester-i,1
rayon/polyester,1
brutal,1
-6,1
reddish/burnt,1
skinny/slim,1
normal-ish,1
hanger/in,1
help,1
buttyondown,1
burned,1
tts-nothing,1
burn-out,1
billow-y,1
parrot,1
nevermind,1
36-27-35,1
umbrellas,1
toothpick,1
careful-,1
feature,1
fau-,1
grand,1
down-is,1
balmy,1
colors/,1
un-basic,1
april,1
shorebird,1
sized-up,1
bust/waist,1
imminent,1
non-collar,1
spring-y,1
hangs/flows-,1
exp,1
prefer,1
lighweight,1
multi-textured,1
os,1
beter,1
three-season,1
mood-enhancing,1
thoughts,1
______,1
step,1
harsh,1
trailered,1
low-raise,1
drkest,1
asthetic,1
nominal,1
ambitious,1
attic,1
camis,1
wri,1
tent/,1
elegant-with-a-slight-edge,1
balloon-y,1
odd/big,1
nansen,1
chest/arm,1
lampshade,1
yest,1
unfold,1
curatorial,1
beautifully-made,1
hand-,1
wing-like,1
copper-gold,1
lke,1
flo,1
yankee,1
michael,1
expecting-,1
excursions-,1
xs/0,1
straight-figured,1
act,1
full/baggy,1
short-fitting,1
mini-dress,1
ugly,1
un-tucked,1
jeans/jean,1
shoulder/armpit/sleeve,1
ahead-press,1
top-it,1
cabernet-turquoise,1
sometime,1
indul,1
sophisticated-i,1
meleri,1
frest,1
abnormal,1
outs,1
trunk,1
sorry-had,1
persimmon,1
false,1
beuatiful,1
lavendar,1
holes,1
folkloric,1
poster,1
warranted,1
deterrent,1
nigh,1
p2,1
versatile-it,1
pizzaz,1
larger-breasted,1
swollen,1
big/boxy,1
flash,1
santuary,1
bmeant,1
calssic,1
red/purple,1
red/blue,1
diff,1
go-anywhere,1
sour,1
brownish-white,1
capped,1
london,1
day-,1
polka-dotted,1
black/white,1
standout,1
kindest,1
lovel,1
caramel,1
yoked,1
/white,1
luck,1
girl-next-door,1
contour,1
hwy,1
0-4,1
oh-so,1
peacock,1
well-styled,1
hwoevcer,1
cafe,1
au,1
reads,1
distribute,1
squashed,1
joke,1
realy,1
6-,1
waist-short,1
large-swinging,1
big-chested,1
blouse-well,1
androgynous,1
way-and,1
me~it,1
drop-dead,1
small-shouldered,1
wardrobes,1
uch,1
givinng,1
immature/childish,1
one-star,1
2-4-6,1
xs-s-m,1
slip-dress,1
wishlist,1
3-dd,1
yes-,1
ventured,1
patrick,1
wonderfully-made,1
clearer,1
lived,1
clothes-pinning,1
boxy-,1
send-back,1
slid,1
admirable,1
undistinguished,1
no-so-average,1
italian,1
flattering/doesn,1
central,1
trapeze-shaped,1
also-,1
small-size,1
uploaded,1
corset-style,1
shoulders/chest,1
blousier,1
cur,1
*gorgeous*,1
top/tunic,1
person-the,1
5-34c,1
28-38,1
out-of-this-world,1
yellowy-green,1
materal,1
palmarosa,1
no-no,1
model-sized,1
twin,1
sheerer,1
disppaointed,1
off-whte,1
tdf,1
photoshopped,1
beatiful,1
two-layer,1
disguised,1
roper-all-over-flower,1
swing-ness,1
fluttered,1
experience,1
bloated,1
uh,1
baggy/loose,1
pink/coral-like,1
tat,1
non-fitted,1
im-modest,1
musty,1
overtaken,1
tyhlo,1
retur,1
tallish,1
blue/floral,1
it/pull,1
smock,1
spring-to-summer,1
lackadaisical,1
rug-like,1
unadjustable,1
pleats,1
crinkle,1
tra,1
composed,1
orange/white/brown/red,1
indra,1
model-esque,1
spending,1
cinnamon,1
top-that,1
hite,1
triple-digit,1
incomplete,1
camisole/tank,1
babydoll,1
a-,1
handwoven,1
intrepid,1
perfect-weight,1
night-worthy,1
shirter,1
waist/skirt,1
deep-,1
tide,1
model-thin,1
yellow/floral,1
110-112,1
aaaaandidon,1
tunic-y,1
til,1
34-27-35,1
gatsby,1
macintosh,1
velour,1
chronic,1
obscured,1
rosy,1
pink-coral,1
skinned,1
overused,1
blousy/boxy,1
scissors-,1
showing-,1
off-centered,1
ocd,1
rpetty,1
eprson,1
a-shaped,1
exceptional-,1
25-,1
athough,1
un-cinched,1
palm,1
tent-,1
overwhelm,1
gapes,1
rail-thin,1
flounce,1
non-functioning,1
fallish,1
tightish,1
beacheress,1
iis,1
collected,1
mismatched,1
orange-y,1
shorts,1
marala,1
tonal,1
forgivin,1
skiny,1
feb,1
lightening-fast,1
nipped,1
anothr,1
loose/flowy,1
1930-1940,1
cam,1
whit,1
doe,1
tt,1
greay-ish,1
lcan,1
princess,1
purchase-the,1
silvery-beige,1
tops-,1
midwest,1
flattering/slimming,1
selective,1
textiled,1
frail,1
shearer,1
tic,1
proud,1
125-128,1
placket,1
tiiny,1
strange-,1
lady-ish,1
exorbitant,1
meantime,1
adventurous,1
bea,1
slim-,1
dry-cleaned,1
sheet,1
asian,1
sublte,1
extra-large,1
top/dress/tunic,1
rib-like,1
jersey-style,1
upsize,1
ts,1
ordered-,1
cheerful-,1
international,1
longs,1
bell-shaped,1
micro-rib,1
brigh,1
loden,1
ejans,1
loungey,1
question,1
price-tag,1
not-too-stretchy,1
nouveau,1
with-,1
3-5,1
drip-dry,1
wine-colored,1
breathable/comfortable,1
hose,1
nicely-,1
s/m-,1
wanting,1
weekend-w,1
starched,1
remiss,1
u-neckline,1
provocative,1
busty-side,1
ribs/waist,1
sh,1
undesired,1
pirate,1
pirate-like,1
legged,1
ubiquitous,1
obtrusive,1
sugary,1
cut/henley,1
combo-,1
alluring-not,1
smar,1
tank-,1
non-organic,1
spandex-y,1
ombrã©,1
muscle-y,1
shop-worn,1
/or,1
50-something,1
diamond,1
shir,1
unique/attractive,1
overbeari,1
t-sihrt,1
alike,1
silky/satiny,1
split-sleeve/cold-shoulder,1
winter/the,1
lovelyt,1
dominate,1
128-130,1
over-accentuated,1
color-lucked,1
layering-which,1
alway,1
xsm,1
sungarden,1
delicate/cold,1
naught,1
hippie-casual,1
lime-sherbet,1
2nd,1
issue-,1
purple/gray,1
unflattering-,1
versio,1
slam,1
tees,1
yogi,1
t-shirt-,1
not-so-good,1
nude-color,1
guilt,1
upgraded,1
wotb,1
neckline-,1
grey/purple,1
cotton-rayon,1
immediately-,1
receptionist,1
towards,1
right-hand,1
layed,1
coke-bottle,1
time-worn,1
worrisome,1
mind-,1
lower-cut,1
washer,1
simplicity-,1
skintight,1
directed,1
nightshirt,1
ahhhh,1
one-time,1
torso-ed,1
supper,1
lumps,1
nove,1
lenght,1
way-,1
wear-very,1
lipstick-,1
necklace-,1
earrings-,1
shortness,1
speechless,1
completely,1
spetite,1
jewel,1
newest,1
vintage-styl,1
cascade,1
curvy/full-figured,1
bleu,1
twisty,1
volumptuous,1
athleisure,1
to-go,1
stirrup,1
two-toned,1
unfit,1
30-,1
bend,1
fatter,1
overlapped,1
fasionable,1
airyness,1
soul,1
power-walker,1
drappy,1
lacy-show-me,1
all-i,1
bodily,1
amidst,1
parti,1
tidier,1
pinky-purple,1
straight-on,1
photograph,1
-today,1
importatn,1
gorgeousness,1
stand-alone,1
cream/forrest,1
ausaria,1
mutliple,1
underwear/pajama,1
esque,1
girl-ish,1
grand-dad,1
novelty,1
map,1
heated,1
almost-frayed,1
super-pleased,1
beige/neutral,1
nonuniform,1
ivory-isn,1
thin/see,1
sleeves,1
the-dyed,1
hue,1
mottled/dye,1
10-yr,1
momish,1
move,1
biit,1
pink/gray/lavendar/white/silver,1
cowboys,1
wavy-distorted,1
tough-where,1
bagger,1
ill-placed,1
waist-high,1
hands-down,1
complimented/minimized,1
loser/longer,1
constricting,1
area-win,1
shirt-style,1
lightweight-,1
natured,1
f-cup,1
usa-,1
petite/athletic,1
shorted,1
mid-butt,1
it~,1
grey/blue,1
silk-like,1
pictures-awesome,1
smaill,1
boat-neck,1
capris,1
off-the,1
ordinary-,1
hip-hitting,1
better-than-basic,1
all-over-the-place,1
brownish-black,1
veyr,1
granite,1
black/gray,1
extras,1
pieced,1
widened,1
breathes,1
girlish,1
sloppy-looking,1
muscley,1
saturated/deeper,1
kiddos,1
baggy/sloppy,1
slubbed,1
breeziness,1
mishaped,1
underneath-,1
large/loose,1
dealbreaker,1
hometown,1
racer-back,1
style/fabric,1
dryer,1
over-whelming,1
thy,1
red/burnt,1
long-but,1
mis-sewn,1
sheer/shee,1
swing/,1
too-casual,1
sty,1
completel,1
whisper,1
colors,1
ivory/white,1
swamp,1
easy-going,1
modeled,1
pictured/described,1
chokey,1
complimenting,1
1-5,1
9-10,1
hand-wash/,1
circular,1
gray-brown,1
offset,1
showy-,1
belly-conscious,1
flesh-baring,1
weird-,1
goo,1
great-loose,1
birth,1
tshirt-,1
e-mail,1
1-season,1
necessitated,1
gray/green,1
boxer,1
fiery,1
x-small/small,1
shorts-,1
butt-,1
front-,1
sharkbite,1
bingo,1
mont,1
unmistakable,1
matterhorn,1
fitted/tight,1
bluish-grayish,1
assessments-,1
torso/chest,1
snuggy,1
itchiness,1
apre,1
packagei,1
thick-,1
casual/festive,1
blurred,1
updo,1
cervical,1
florascura,1
pin,1
x-s,1
semi-casual,1
bottom/where,1
tank/camisole,1
glorified,1
18-month-old,1
webbed,1
taupe/navy,1
eq,1
wobbly,1
sweater/,1
ferry,1
add-on,1
perspective,1
square-fitting,1
adult,1
envisioned,1
cocoon-y,1
buggier,1
spring/,1
purcahsed,1
shadow,1
humble,1
cotton/synthetic,1
35-30-37,1
stripes/ivory,1
small/size,1
135/athletic,1
t-shirts,1
drawn,1
leng,1
lighting,1
kin,1
upturned,1
ni,1
troublesome,1
ripple-front,1
elephant,1
created,1
such-,1
chafe,1
foam-like,1
futuristic,1
height-weight,1
asymetrical,1
undnerneath,1
indifferent,1
nape,1
coverup,1
cape/poncho,1
slipped,1
naomi,1
not-quite-prepregnancy,1
non/clingy,1
emerald,1
covers/hides,1
multi-level,1
delettas,1
senitive,1
upsizing,1
cotton/polyester,1
drawstring-like,1
homerun,1
oddest,1
full/,1
super-wide,1
fall/winter/holiday,1
sueded,1
ummmmm,1
pebbled,1
architectural,1
spandex,1
carried,1
135-140,1
top-flight,1
colors-i,1
winner-just,1
bouncier,1
neckhole,1
boos,1
stretchy/jersey,1
unheard,1
flawy,1
cabled,1
genetic,1
bountiful,1
knitwear,1
mayn,1
stretc,1
looseness,1
eex,1
bryden,1
armpit/chest,1
tan/white,1
*significant*,1
unaltered,1
spacious,1
concept,1
obsessive,1
4-6-8,1
shee,1
mid/bottom,1
trashy,1
cream/beige/neutral,1
clincher,1
chiffon-like,1
crazy-,1
elbows,1
almost-cowl,1
flared/loose,1
everleigh,1
itt,1
mid/lower,1
running,1
back-like,1
this-to,1
av,1
withstand,1
misrepresent,1
spor,1
mid-riff,1
dressey,1
layes,1
native,1
not-tight,1
red-enough,1
cottony-material,1
ornate,1
attracted,1
straighter/slimmer,1
days-bummed,1
goto,1
aztec-y,1
flattened,1
rega,1
predictable,1
lace-printed,1
cut-in,1
fyi-the,1
jasper,1
wishy,1
shh,1
pointed,1
cardigan/shrug,1
over-size,1
northwest,1
minimizes,1
rechecking,1
tee/tunic,1
20-something,1
short-ish,1
arms-,1
re-lacing,1
prudish,1
tinier,1
washed-jean,1
upholstery,1
new-mommy,1
freaking,1
druzy,1
tell,1
cottony,1
36-26-36,1
english,1
sexiness,1
ita,1
unworn,1
5-months,1
cleans,1
terry,1
tight/baggy,1
landscape-print,1
silkscreen,1
satin-like,1
akin,1
fail,1
breaker,1
amply,1
elastic/ruffle,1
smear,1
all-year,1
fatal,1
lopsided,1
crochet/lace,1
posted,1
proble,1
vice-versa,1
ultra-comfort,1
sup,1
spaghetti,1
assymetrical,1
semi-abstract,1
bitter,1
back-model,1
poly/spandex/rayon,1
right-not,1
face-just,1
for-i,1
soft-looking,1
smal,1
upsid,1
sable,1
careless,1
minuscule,1
houndstooth-like,1
checkboard-like,1
high-,1
legnth,1
farthest,1
character,1
cardy,1
ivory-colored,1
mini-pleated,1
snug-,1
speckled,1
currant,1
crowd,1
ehhh,1
sllm,1
slighty,1
retailer-wear,1
gauze-y,1
tough-,1
territory,1
overt,1
34-27-38,1
louis,1
m-,1
pulls,1
small/tight,1
workwear,1
sm-med,1
teal/blue,1
foresee,1
comfortab,1
upper-half,1
teal/aqua,1
pin-tucked,1
38-27-38,1
36-26-35,1
wellmade,1
needs,1
tempted,1
[,1
_______________,1
balanced,1
sexy/not,1
not-so-precious,1
length-wise,1
peach-apricot-,1
orangey,1
forgot,1
blk/blk,1
photo/on,1
up,1
cotto,1
predominant,1
crop-top,1
short/boxy,1
>,1
fall-ish,1
price-,1
half-way,1
lengths,1
manu,1
sunny/happy,1
embellishment,1
trickier,1
smaller/tighter,1
pizazz,1
off-shoulder,1
tight-fitting,1
sunset,1
plus-sized,1
marian,1
breaks,1
drapey-loose,1
clothing-,1
lacking,1
to/call,1
sides-,1
shoulders/armpit,1
glittery-,1
searched,1
intrusive,1
underestimating,1
earthly,1
versat,1
37-38ish,1
put,1
milky,1
jacket/is,1
crewneck,1
figure-skimming,1
embroiderer,1
trapezoid,1
nothing-special,1
ottoman,1
unruly,1
romier,1
sizze,1
slimming/fit,1
medium-to-lightweight,1
kaki,1
milder,1
flattering-the,1
s-m,1
ttt,1
mon,1
quote,1
unsuited,1
breastline,1
filigree,1
teal/white,1
good-quality,1
pink-grapeish,1
trendier,1
-shirt,1
transferred,1
dipped,1
medium/large,1
summer-like,1
tie-dyed,1
shirttail,1
sweatshirt-like,1
unsuccessful,1
adjusted,1
satisfi,1
white/beige,1
idid,1
abou,1
lattice,1
happiest,1
non-lace,1
nary,1
minus,1
flowy-ness,1
semi-,1
throw-away,1
blotchy,1
india,1
indigo/blue,1
faltering,1
necked-,1
long-so,1
peplum-style,1
navy-,1
diminish,1
feline,1
100-105,1
dismayed,1
burgundy/red,1
chestier,1
aleardy,1
*stylish*,1
*odd*,1
*forgiving*,1
t-neck/high,1
perforated,1
onsie,1
size-im,1
peachy-,1
wishful,1
overpower,1
t-shirty-,1
fleece-like,1
nap,1
disappear,1
asian-inspired,1
eira,1
dime,1
albeit,1
bunched/weren,1
lo,1
crop/midi-top,1
straight-and-narrow,1
vine,1
as-advertised,1
iron-on,1
big/baggy,1
rack-not,1
3-quarter,1
fluffiest,1
white-dirty,1
kansas,1
stylish-love,1
hood,1
approriate,1
s/xs,1
btoh,1
diego,1
12-14p,1
womanly,1
side-slits,1
booties-very,1
high-waited,1
undershirt/camisole,1
chest-,1
earned,1
damp,1
handwashed,1
wansup,1
autumn/early,1
high/cropped,1
lightweight-even,1
opinion-is,1
brush,1
distraught,1
sisz,1
medium-light,1
pill-free,1
itching,1
temp,1
voice,1
top~got,1
pedal,1
bite,1
spokane,1
pink-ish,1
blue-green-ish,1
longer-torsoed,1
grey-bluish,1
pesonal,1
valuable,1
hand-washing,1
blue-black,1
elbow-to-full-length,1
brow-furrowing,1
one-off,1
elegant/romantic,1
undefined,1
long-limned,1
strang,1
odrdered,1
36a-,1
sea,1
oxblood,1
shoulder/chest,1
impr,1
sweet/soft,1
tailered,1
daughter-without,1
pointelle,1
s-on-the-slopes,1
texture-,1
crazy-long,1
-hit,1
overlap,1
open-front,1
bolder,1
no-curve,1
turtleneck/tunic,1
bu,1
carful,1
suburban,1
moss-colored,1
alittle,1
vanity-sized,1
unkept,1
wor,1
summer-weight,1
grabs,1
glimmery,1
hooded,1
piped,1
corey,1
lynn,1
nut,1
longer/tunic,1
pinkish/taupe-brown,1
open-weave,1
crinkled,1
thiner,1
taupe-colored,1
pnw,1
open-gauge,1
rona,1
nela,1
is-pretty,1
show-stopping,1
going-out,1
5-ft,1
4-in,1
between-season,1
off-fitting,1
poncho-like,1
guaranteed,1
shrug-on,1
different-length,1
shrug-y,1
curve-fla,1
sm-large,1
brownish-burgundy,1
non-swing,1
poorly-made,1
cutewith,1
dropwaist,1
wow-ed,1
tit,1
crazy-cat-lady,1
slimmest,1
lesser,1
cutest-,1
paned,1
liatris,1
dotted,1
bluish-green,1
llama,1
ah-mazing,1
rooster,1
pasted,1
multi-fabric,1
unuseable,1
aroun,1
minty,1
orange/tangerine,1
hardy,1
norm,1
phot,1
haute,1
side-sliced,1
edge,1
settled,1
thin/semi-sheer,1
~1,1
de,1
darby,1
eat,1
looser-fit,1
retailer-but,1
meek,1
spendy,1
5-03,1
large/regular,1
back-waist,1
well-fitted,1
dark-wash,1
postnatal,1
prepare,1
conside,1
external,1
pre-teen,1
immaculate,1
intrinsic,1
easy-peasy,1
weekender,1
northeastern,1
waffled,1
italy,1
nylon-viscose-cashmere,1
friction-,1
raggy,1
pink/nude,1
palazzo,1
ethnic,1
non-italian,1
loro,1
downtown,1
alpaca-wool,1
36-17-36,1
navy/marin,1
aprã¨s-ski,1
throught,1
mauv-ish,1
become,1
iso,1
shoulder-length,1
mid-chest,1
weght,1
-a,1
tie-waist,1
long/bulky,1
nimble,1
comic,1
book-style,1
bat,1
frame-,1
slit-style,1
grad,1
fromm,1
loft,1
cotteny,1
discouraging,1
large/billowy,1
pale/blue,1
underdone,1
piece-the,1
9-1/2,1
pre-weight-loss,1
combined,1
stole,1
va/dc,1
/6,1
2-8,1
thick-textured,1
snag/thread,1
anyway,1
coastal,1
leggings/,1
deeper/darker,1
turquoise-green,1
densest,1
hairy,1
up-to-date,1
alpaca,1
mauve-tweed,1
grandma-y,1
xtra,1
gloomy,1
far-skinned,1
cute-great,1
greatz,1
forward,1
empty-nester,1
skinny/straight,1
16-18,1
cozy-looking,1
sizi,1
granite/slate,1
under-,1
versatile-also,1
canadian,1
at-knee,1
foxy,1
wool-feeling,1
bitterly,1
ohio,1
*back*,1
demon,1
snuggly,1
semi-defeats,1
great-less,1
ordinary-a,1
procrastinate,1
stair,1
returnable,1
braided,1
mid-bum,1
necklne,1
man-back,1
mildish,1
nw,1
impeded,1
robin,1
well-suited,1
30-40,1
pre-christmas,1
coal,1
sweatercoat,1
november,1
door,1
said-,1
blanket-,1
coat-,1
retailer-in,1
drearriest,1
jacket-love,1
face-framing,1
late-,1
wou,1
photographed,1
55-year-old,1
thanks,1
heavy-,1
non-descri,1
awkward-fitting,1
notable,1
semi-opaque,1
impressionist,1
pancho,1
white/,1
pumpkin,1
large/bulky,1
interwoven,1
remaindered,1
pink/coral,1
detracting,1
allergic,1
lace-knit,1
pre-cuffed,1
mid-lower,1
pear-shape,1
saccharine,1
grey-,1
back/v-back,1
throw-it-on-over-a-shirt,1
gray/navy,1
fall/early,1
tartan,1
orangeish,1
breasted,1
pea,1
felty,1
belive,1
vribant,1
waht,1
scree,1
reference-,1
8-10p,1
justice,1
wuzzy,1
extravagant,1
crimson-colored,1
scarf-even,1
8-slender,1
discovered,1
bulkly,1
old-style,1
justifies,1
beefier,1
pillow,1
smokey,1
drapy,1
huge-,1
rose/pale,1
anth,1
lilitz,1
yak,1
wet/hot,1
cocoon,1
acrylic/nylon/wool,1
felted,1
flawed,1
photo-open,1
green-ish,1
wedgewood,1
teal-green,1
shoulder/arm,1
laden,1
fleece-weight,1
oredered,1
sweetly,1
lightheaded,1
nod,1
mashed,1
everything-even,1
survive,1
pre-holiday,1
moms,1
outwear,1
cooler/rainy,1
snapped,1
toy,1
fifteen,1
orangutan,1
fall-wool,1
switched,1
sale-,1
wide-rib,1
flattrering,1
eregular,1
pe,1
fun-quirky,1
cape-digan,1
quirkiness,1
yellow/ivory,1
yellow-y,1
80s-style,1
heavy-weight,1
horse-bedecked,1
nerdy,1
bad/worn/old,1
gasped,1
foldable,1
reflective,1
5-7,1
grey/brown,1
gold/olive,1
reference-5,1
briefly,1
green/yellow-,1
foggy,1
saffron,1
london-based,1
expert,1
neira,1
yummiest,1
size-not,1
fitted-style,1
jeans-,1
store-,1
hysterical,1
late-september,1
saundra,1
pink/purple,1
shlumpy,1
wimpy,1
sheep,1
impresssionistic,1
wilt,1
winter-white,1
wear-with,1
cable-knot,1
slender-izing,1
cedar/neutral,1
sortof,1
heirloom,1
handmade,1
36-30-40,1
ute,1
somuch,1
wide/big,1
nutty,1
hand-knitted,1
reduced,1
destructed,1
thirst,1
swish,1
kitty,1
nearest,1
pass,1
lp,1
waist-length,1
deceiving,1
non-wool,1
man-made,1
bell-like,1
place,1
sctrachy,1
except,1
subsequent,1
gray/blue,1
conspicuous,1
colour,1
grey-blue,1
minimalistic,1
too-heavy,1
makes-you-feel-dumpy,1
grey/white,1
merino,1
unbearably,1
invaluable,1
sweater-jacket,1
chanel,1
chopped,1
mouth,1
minorly,1
overly-fuzzy,1
kitschy,1
synthetic-looking,1
iliked,1
32c-24-34,1
dragonfly,1
jacket-ish,1
un-fitted,1
waste-line,1
browse,1
hesitated,1
seattle,1
lightwash,1
bronze/golden,1
gunmetal,1
orange-peach-coral,1
collar/lapel,1
prep,1
mediu,1
look-wearing,1
lime,1
los,1
tip,1
reckon,1
giddy,1
qu,1
that-,1
plusher,1
navy-ish,1
anothe,1
blazer-like,1
blazer/sweatshirt,1
need/want,1
misnomer,1
________,1
seasonless,1
mirabella,1
lone,1
cheapy,1
likea,1
xl/14,1
slim-fitting,1
heavy/hot,1
*slightly*,1
attachment,1
digit,1
color-blocking,1
ref,1
standup,1
beautiful-a,1
mixed-media/material,1
fall-season,1
upped,1
chief,1
clasp,1
bomber,1
simplest,1
justifiable,1
didnot,1
uniquely,1
unwrapping,1
air-conditionied,1
cosmetic,1
chic/uptown,1
laura,1
studs,1
ooo,1
polyester/shiny,1
subtle/light,1
light-grey,1
pixie,1
back/front,1
damaged,1
one-button,1
muslin-like,1
conditioned,1
form-fitted,1
raided,1
raised,1
salesperson,1
strenuous,1
unfixable,1
sheeny,1
middl,1
jacket-y,1
betwe,1
botih,1
stopper,1
satisfactory,1
underneat,1
wayyy,1
batty,1
125-lb,1
*that*,1
suit,1
smudge,1
kimono-style,1
ful,1
3/4-length,1
neoprene-like,1
medium/size,1
10-14,1
larkin,1
fitted/tailored,1
veratile,1
smae,1
retailer/,1
brilliant-the,1
subtle-the,1
stuff-and,1
recurrent,1
xx-small,1
c/b,1
bagg,1
duster,1
levis,1
stranger,1
weekends-,1
kangaroo,1
likes,1
swing-style,1
yellow-gold,1
air-conditioned,1
faith,1
sweater/sweatshirt,1
waist/chest,1
delaney,1
casual-creative,1
delaine,1
terra-cotta,1
terra,1
terracotta,1
sleveless,1
dr,1
38-28-35,1
tighter/smaller,1
pilcto,1
surprise-,1
pre-worn,1
full-,1
collarless,1
anti-pant,1
drawstrings,1
<,1
insulating,1
unavoidable,1
pocketsi,1
normal-sized,1
ut,1
unrepairable,1
volumnous,1
good-looking,1
stiffness,1
cream-ish,1
felt-like,1
medieval,1
spain,1
sit,1
erratic,1
enroute,1
regularl,1
heels,1
imp,1
rusn,1
work-inappropriate,1
flowinng,1
gala,1
testy,1
split-back,1
neutral/creme,1
middi,1
cream/blue,1
gon,1
jagged,1
mid-80,1
5-27,1
numeric,1
ho-hum,1
curvaceous,1
bulky-,1
but-,1
closure,1
mid-thigh-,1
unforced,1
snag-able,1
mermaid-ish,1
meghan,1
navy/beige,1
outline,1
static-y,1
yellower,1
cream/off,1
10th,1
sotre,1
indicative,1
bailley,1
obi,1
wit,1
ahve,1
comfrtable,1
did-,1
poor-,1
back-,1
items-,1
sleeper,1
constructed-i,1
underweight,1
exchanged,1
nuce,1
me-very,1
monday,1
emerald/green,1
numbered,1
seethrough,1
admirin,1
shimmery-,1
ab,1
lll,1
pencil-fit,1
twirl,1
bandaid-colored,1
southwesternish,1
acceptabl,1
southwestern,1
bare-legged,1
alaska,1
gett,1
thr,1
theory,1
high-qualit,1
leifsdottir,1
ballroom,1
parachute,1
higher-end,1
brightens,1
wrinkle-free,1
multi-functionality,1
skit-,1
pice,1
formal/professional,1
brown/copper,1
120-123lbs,1
reach,1
lilke,1
myuch,1
24-26,1
xsmall-xxsmall,1
elastic-waisted,1
classic/traditional,1
superb-,1
fr,1
after-work,1
sewed,1
helps,1
slight-and,1
cute-as-all-get-out,1
better-,1
pigmented,1
isth,1
optic,1
flatttering,1
crooked,1
white-t,1
jersey-type,1
26-inch,1
curve-hugging,1
curve,1
pouch-y,1
greeny-gold,1
brightness,1
sister-in-laws,1
leaning,1
ahtro,1
warmer/lined,1
framed,1
tween,1
sorbet-inspired,1
perfect-it,1
compounded,1
yellow-ivory,1
critique,1
overtime,1
sofisticated,1
comments-,1
snagged-,1
2-4p,1
lumpy-looking,1
week-end,1
nuetral,1
set-in,1
respect,1
32d-26-36,1
self-consciousness,1
though-the,1
matte,1
re-made,1
denim-like,1
buckled,1
dynamic,1
pale-tea-rose,1
sag/pooch,1
straighten,1
military-ish,1
biggy,1
flares,1
athropologie,1
axtra,1
frivolous,1
unhemmed,1
pencil-like,1
hangs,1
carrot,1
nonconsequential,1
dynam,1
taffita,1
hard/plastic,1
brushed,1
starch/chemical,1
mile,1
darkly,1
vintage-looking,1
mommy-tummy,1
full-priced,1
cellulite,1
demographic,1
therefore,1
undertsated,1
stilt,1
palo,1
frump,1
linty,1
these-can,1
steve,1
neve,1
goose,1
saucy,1
pictured/expected,1
fabiric,1
pop-out,1
substandard,1
stretchy-,1
nowadays,1
tomboy,1
ultra-slimming,1
spiffy,1
harper,1
prima,1
7-8,1
ah-maz-ing,1
strap-length,1
hipped,1
ridic,1
yesteryear,1
button-fly,1
die,1
levi,1
flare-it,1
shapelier,1
sexiest,1
dryer/dryer,1
backside-,1
transcend,1
unsewn,1
low-quality,1
unavail,1
syllish,1
verdugo,1
lines-,1
candidate,1
feasible,1
up/cuff,1
denim-material,1
short-sized,1
non-ankle,1
comfy=win,1
27-35-116lbs,1
description,1
dissappointed,1
muc,1
rolled,1
newport,1
zara,1
tentative,1
waiat,1
5-star,1
close-fitting,1
under-rated,1
fatty,1
dansko,1
retro-fabulous,1
coh,1
jeans-the,1
stacked,1
defe,1
spongy,1
pintuck,1
up/dress,1
size/build,1
dire,1
larger-i,1
anomaly,1
38-39ish,1
polished/,1
greyish,1
calf-,1
relaxed-trouser,1
uncured,1
these-,1
hip-less,1
everybody,1
comjfortable,1
depth,1
skinnys,1
sky-high,1
baggie,1
lycra-love,1
frist,1
grey-olive,1
stretchey,1
grey/taupe/light,1
rose-pink,1
aret,1
lighter/more,1
thighs,1
portrayed,1
non0muscular,1
all-in-all,1
pre-pre,1
stylish-,1
contrived,1
broken-in,1
orignal,1
enthusiastic,1
butt-flattening,1
jean-,1
pilcro-,1
straight/skinny,1
stetson,1
pairs,1
neither,1
unbalanced,1
pre-attached,1
glitter,1
sag,1
jean-type,1
fitted/slim,1
low-hanging,1
additonal,1
inky,1
toxic,1
29-,1
kick-around,1
full-on,1
stretch-related,1
-not,1
uncuffed,1
re-doing,1
sneaker/sandal,1
stubby,1
heel-,1
ground-finally,1
repeated,1
latest,1
formula-,1
short-legged,1
joe,1
squeeze,1
wtih,1
jeans-super,1
larger/bulkier,1
dust,1
wamp,1
verstaile,1
valid,1
linear,1
paige/pilcro,1
bootcut,1
hightower,1
alllll,1
stumpified,1
super-bummed,1
fitting/slender,1
s-ish,1
muscular/athletic,1
thigh-hugging,1
probable,1
mislabeled,1
colwyn,1
picture-,1
purple-ish,1
blue-grey/navy,1
made/sturdy,1
uh-mazing,1
fellow,1
toe,1
pairing,1
knee-hi,1
lb/5,1
unsolvable,1
decorated,1
em,1
swlim,1
them-,1
post-partum,1
fixable-,1
non-skinny,1
un-buttoning,1
un-cuffed,1
vanja,1
undies,1
plico,1
crunchy,1
there,1
miffed,1
mid-deep,1
x-tra,1
taller/thin,1
up-do,1
dangly,1
crisper,1
trouser-like,1
lemon-y,1
poofier,1
clownish,1
semi-flowy,1
compa,1
perhpas,1
frnt,1
wais,1
wether,1
29-30in,1
kindof,1
rail,1
awed,1
helpfu,1
thickest,1
sweater-knit,1
thigh/quadricep,1
fearful,1
largeness,1
elevenses,1
shorter-,1
foot-long,1
beautiful-white,1
comfy-these,1
too-albeit,1
long-haul,1
back-up,1
comfortable-so,1
versatile-so,1
anywhere-,1
ultra-flattering,1
b/w,1
ext,1
chemical-type,1
self-tie,1
splashy,1
jump,1
pjs,1
furthe,1
washing,1
ladies,1
teeny-bop,1
baggy/lose,1
behind-,1
gauzy/,1
soft-light,1
6-8/medium,1
tir,1
56-year-old,1
five-year-old,1
trouser,1
4-ish,1
navy/indigo,1
out-,1
stitched-in,1
high-water,1
flowy-beachy,1
gem,1
relaxing,1
genie,1
irr,1
8-fitted/10-relaxed,1
referred,1
blue/grey,1
ninja,1
delight-,1
33-year-old,1
perfe,1
baffled,1
dn,1
suspicious,1
oompa,1
hugh,1
large-i,1
10-the,1
pocket-,1
nonsensical,1
indoor,1
colorfast,1
skirts,1
30-something,1
wintery-,1
somethin,1
downed,1
fireside,1
witho,1
violet,1
match,1
31-32,1
just-above-the-ankle,1
changed,1
biokleen,1
permanent,1
116-118,1
stretchy/don,1
glam,1
purchas,1
start,1
boyfriend-y,1
chrolox,1
hypen,1
mind-boggling,1
yellow-,1
sill,1
liquid,1
stain-stick,1
squeezing,1
102-,1
white-on-white,1
rub,1
off-put,1
salesgirl,1
testament,1
great-looking,1
travel-wear,1
chore,1
plus-size,1
apparently-perfect,1
cute-short,1
indecent,1
non-retailer,1
size/with,1
dapper,1
isabella,1
ivory/off,1
look-wise,1
nine-to-five,1
s/60,1
apricot,1
hepburn,1
re-imagined,1
every-girl,1
plump,1
type-,1
hip/pelvis,1
sit-,1
legs-,1
eileen,1
rear/thigh,1
pokey,1
y/old,1
stretchable,1
whic,1
starburst,1
neath,1
slovenly,1
bearable,1
tangible,1
orange-looking,1
tie-top,1
casua,1
fisherman,1
lengthened,1
anticipate,1
directions-cold,1
be-,1
washes,1
34-27-37,1
maintena,1
sheed,1
understandable,1
drumstick,1
kitten,1
roll-neck,1
6-7,1
ewre,1
balck,1
regal,1
150-155lbs,1
buttonhole,1
inconvenient,1
you-wow,1
behind,1
flared/straight,1
desk,1
wrinkling,1
cropped/short,1
roll,1
redundant,1
periwinkle,1
red/brown,1
black/gold,1
120-123lbssize,1
cardinal,1
6-8/m,1
4-inch,1
quality/,1
optimal,1
multi-tasking,1
skin-tight,1
ssxp,1
armholes/bust,1
3-heels,1
fall/spring/winter,1
whittle,1
presentable,1
dragging-,1
normaly,1
c-,1
silicon,1
gripper,1
coating/elastic,1
las,1
narrow-hipped,1
bustiest,1
31-38,1
cau,1
this-both,1
exception-and,1
hour-glass,1
complex,1
pinstripes,1
cut/fabric,1
pack,1
fabric-a,1
cute-contrasting,1
less-than-flattering,1
linen-,1
challenged,1
iordered,1
rregualr,1
deciced,1
netural,1
lavaialble,1
heather-grey,1
skinny/athletic,1
disgraceful,1
no-fade,1
34-26-38,1
ultra-tight,1
pocketed,1
widen,1
cinchable,1
34c-6,1
stright,1
din,1
loosen,1
tla,1
super-fitted,1
religious,1
easily-,1
stre,1
fall-feeling,1
tend,1
choppy,1
waist/seat,1
goofy,1
diligent,1
pristine,1
failure,1
wanderer,1
incentive,1
me-i,1
tonight,1
structured/tailored,1
legit,1
sophisticated-looking,1
anlobn,1
gel,1
thicker/heavier,1
horrified,1
adhesive,1
0-2/xs,1
tropical/exotic,1
rope-like,1
lbs=,1
gorgeus,1
challenging,1
unicorn,1
perfec,1
fol,1
triangles-,1
amorphous,1
bosom,1
online/on,1
emailed,1
earrings,1
swimmer,1
save,1
non-belted,1
navy/black,1
ecru,1
downward,1
vintage-gone-wrong,1
yellowed,1
free-moving,1
oddly-shaped,1
xs-p,1
good-,1
supposed,1
busty/less,1
wiht6,1
jewelry,1
toile,1
over-flare,1
mesh-ish,1
11-year,1
donna,1
networking,1
tea-length,1
champagne,1
adjacent,1
indigo,1
lbd,1
formless,1
accurate-,1
hmmm-,1
nocal,1
ready-to-wear,1
digi,1
acrylic-feeling,1
rhianna,1
polyester-like,1
bloused,1
sequin-adorned,1
whack,1
figure-accentuating,1
droops,1
sizable,1
time-hand,1
winnrer,1
all-season,1
36-27-38,1
linin,1
color/pattern,1
pop-it-on-and-go,1
semi-empire,1
fifty,1
sidezip,1
gypsie/bohemian,1
classy/classic,1
flirtier,1
stones,1
neil,1
108-113,1
agai,1
all-,1
nicely-the,1
comfortable-it,1
pays,1
suited,1
large/,1
34-26-36,1
nursing,1
pockets-,1
pitiful,1
cheap-o,1
xs-i,1
snakeskin,1
maternit,1
swing-y,1
stick-on,1
wearing,1
gathering,1
expedited,1
solution,1
bikini-like,1
vanilla,1
listened,1
mishap,1
miracle,1
hip-width,1
non-models,1
potato-sack-frump,1
akward,1
oop,1
frumpier,1
34a-28-36,1
man-tailored,1
brought,1
itll,1
2-5,1
max,1
enjoyable,1
breakthable,1
grey/red/yellow,1
roll-up,1
versital,1
bohemian/gothic,1
m/4,1
teal/light,1
misty,1
secular,1
lengthens,1
hi,1
aw,1
lat,1
litght,1
trimming,1
goodone,1
mjuch,1
huhm,1
requirement,1
scrubs,1
jumped,1
pink/purple/blue/black,1
stripey,1
32-26-36,1
swirly,1
filmy,1
ingratiating,1
too-,1
on-seam,1
blac,1
flattering1,1
dangerous,1
grandmotherly,1
5-,1
slip-,1
detail-,1
undressed,1
wondering,1
truer,1
orange/mango,1
poolside,1
fitting-,1
light/thin,1
roomy/swingy,1
unforgiving-there,1
terry/jersey,1
strawberry,1
pepto,1
pre-fall,1
stiff/itchy,1
small/6,1
swing-dress,1
intolerable,1
assume,1
wea,1
orange-coral,1
someth,1
ride-along,1
uneven-ish,1
summ,1
unsung,1
grable,1
abject,1
not-so-flat,1
tented,1
rural,1
re-sewing,1
slim/slender/petite,1
encounter,1
base-,1
super-pretty,1
milestone,1
realize,1
short-heeled,1
belted,1
ornamental,1
=chest,1
redhead,1
nicley,1
supersoft,1
pettie,1
curvy/,1
wait-,1
apron,1
aweful,1
outweigh,1
opitome,1
ways-front,1
bathroom-break,1
dreamy-soft,1
crotch/waist,1
run,1
slip-on,1
economical,1
pal,1
materila,1
strecthy,1
brr,1
exepct,1
duster-length,1
versus,1
rushed,1
green-,1
go-anywhere-do-anything,1
diffe,1
spring-summer,1
34-a,1
5ft-3,1
ballet,1
protrude,1
glow,1
bust-line,1
unappealing,1
gypsy,1
lous,1
love-hate,1
strap/underarm,1
well-lined,1
bilious,1
ultra-thin,1
viscose-rayon,1
recieved,1
pleat,1
pictur,1
hubs,1
strap-looking,1
sack,1
olive-toned,1
loosness,1
a34b,1
ahold,1
orange/melon-colored,1
conversational,1
abundant,1
iron,1
strangely,1
orange/red,1
underbust,1
colo,1
reasonably-modest,1
pool-side,1
bottam,1
ths,1
biweekly,1
spring-through-summer,1
purpley-gray,1
otherwse,1
strectchy,1
ucan,1
fabled,1
dress-fall/spring,1
beca,1
craftsmanship,1
top-notch,1
med-lrg,1
120-lb,1
periwinkle-ish,1
sickly,1
yellow-beige,1
burlap,1
small/,1
thighness,1
too-there,1
pit,1
draws,1
girls-,1
shoulder/upper,1
sexy-ish,1
not-so-small,1
under-the-bust,1
sea-foam,1
looking-it,1
anticipating-i,1
awkward/bunchy,1
squeezed,1
sassiness,1
rep,1
criss-crossing,1
tile,1
gemline,1
try-on,1
safari,1
craziest,1
flouncy,1
pink/orange/teal,1
bra-strap,1
willowy,1
tamed,1
occasion,1
anita,1
itsy,1
straighter-looking,1
cehst,1
pen,1
tig,1
give-,1
flung,1
incomparable,1
emb,1
evanthe,1
a/b,1
beauti,1
excellent-,1
cap-sleeve,1
mimic,1
stamps,1
8-5,1
fabric/style,1
daly,1
title,1
amterial,1
aame,1
apttern,1
2-inch,1
drag,1
over-powering,1
14-16/,1
fabric-lycra,1
direct,1
froth,1
defining,1
quiet,1
4-32,1
worsened,1
overlay,1
bumpy,1
-to,1
bunched,1
buxom,1
appr,1
waist/wide,1
aa,1
mussed,1
head-turner,1
sale-on-sale,1
fin,1
125-130lbs,1
over-layed,1
renaissance,1
me-tts,1
tu-tu,1
lifelong,1
inferior,1
video,1
miley,1
swept,1
housedress,1
forgettin,1
tracey,1
small/light,1
pooch,1
fulle,1
am5,1
transistional,1
plum/brown,1
warm-ish,1
flown,1
50s,1
cleanly,1
~130,1
newborn,1
~150,1
lola,1
civil,1
casual-,1
uber-comfortable,1
reversed,1
4-baby,1
36b-c,1
regualar,1
watched,1
no-hassle,1
emerson,1
heathy,1
drastic,1
comforta,1
straight/petite,1
tho,1
fare,1
require,1
heavy/fuzzy,1
anytime-anywhere,1
boned,1
smaller-,1
ada,1
retailerpolgy,1
appeal,1
4-10,1
sensual,1
i-am-woman-hear-me-purr,1
body-slimming,1
-ahem-,1
idea-,1
pleat-,1
open/low,1
hassel,1
purple-y,1
uneasy,1
color-varied,1
-2,1
carnival,1
soft/breathable,1
sensati,1
superficial,1
nip,1
luxurious-looking,1
work-to-evening,1
untill,1
enourmous,1
mateiral,1
xtr,1
high-lo,1
sale-received,1
puckered,1
pinch,1
whole-heartedly,1
mummy,1
either/or,1
112-115lbs,1
scrumptious,1
slit-v,1
satin0like,1
teeny-tiny,1
peite,1
bailey,1
seasoned,1
dream-,1
undie,1
body-con,1
stops,1
clingy~,1
instea,1
uniqlo,1
unproportioned,1
flub,1
bronze-y,1
goldish,1
magenta,1
pile,1
off-ever,1
small-waisted,1
early/mid,1
dropped-hem,1
-1,1
canvas-like,1
nylon-ish,1
tent-y,1
cellular,1
chestiness,1
sea-hued,1
hi/low,1
barrel,1
most-slimming,1
smidgen,1
bump,1
puckery,1
slinky-ish,1
f21,1
horrific,1
fabric/weight,1
looser/not,1
amaz,1
dryclean,1
official,1
athletic/straight,1
petal,1
sundress,1
mixed-media,1
weight-a,1
40-yr,1
accentuate,1
schoolmarm,1
pxxs,1
cappier,1
cris,1
b-lined,1
boho-glam,1
hobby,1
pre-owend,1
odd-length,1
20s-30s,1
blocked,1
indicated,1
toscana,1
comfrotbale,1
maw-maw,1
up/down,1
ankle-strap,1
pushed,1
balloon,1
ugliest,1
antebellum,1
height/,1
flannel-type,1
across,1
scottish,1
vulnerable,1
althetic,1
detest,1
perfect-i,1
studied,1
already-,1
didm,1
marvel,1
drawstring-style,1
dresses-,1
moon-light,1
avoids,1
runner,1
36d-dd,1
ordere,1
______________,1
130-135,1
chloe,1
lucy,1
stand-up,1
oblong,1
enhance,1
festival,1
figure-hugging,1
suggestive,1
kentucky,1
4-3/4,1
cavernous,1
fleshy,1
ball-gown,1
ii,1
gorjuss,1
dressi,1
elegant-,1
rent,1
danced,1
smoky,1
well-worth,1
requested,1
gapless,1
120-125,1
*tinge*,1
vintage-made-modern,1
confining,1
contortionist,1
37-28-40,1
unbeliev,1
brown/gold,1
aize,1
145lbs-,1
grosgrain,1
sunrose,1
gawdy,1
costume-y,1
sexy/conservative,1
quasi-boatneck,1
*easiest*,1
31-24-34,1
shopper,1
anthletic,1
shoulders/with,1
gypsy-ish,1
navy/red,1
fetching,1
pinup,1
mother-of-bride,1
raglan,1
tight-,1
relentless,1
mid-40s,1
90-95lbs,1
anymore,1
commercial,1
fullish,1
defected,1
spreading,1
lifetime,1
trigger,1
xsmall/small,1
specious,1
gentle/hand-wash,1
dry-,1
abused,1
physical,1
inclusive,1
untanned,1
petite-xs,1
hair/olive,1
laser-cut,1
psuedo-empire,1
bff,1
sheek,1
hav,1
background,1
citrus,1
waisted/long,1
zip,1
clever,1
toucan,1
forgive,1
rich-looking,1
umpire,1
uncovered,1
accessories-,1
lyocel,1
sleeves-,1
liittle,1
34dd-28-43,1
shine,1
loooong,1
mid-september,1
tailor,1
elita,1
tunic/shirt,1
shoes/legwear,1
unevenly,1
*want*,1
davy,1
hand-washable,1
inherent,1
unique/special,1
wight,1
baggish,1
shin,1
chameleon,1
times-,1
unexpectedly,1
straightish,1
sacred,1
non-denim,1
irritable,1
stetchy,1
closed-end,1
worse-it,1
fortuny-esque,1
sleepy,1
tissue,1
cognac,1
t-shirt-like,1
er,1
20th,1
precise,1
12-,1
understood,1
remembered,1
thinking,1
street,1
shirt-like,1
anti-static,1
panty-line,1
floor-length,1
yiddish,1
swe,1
sha,1
pictures-i,1
faryl,1
gargantuan,1
pouffier,1
ruffle/,1
hour-glassy,1
semi-attached,1
hi-to-low,1
peach/ivory/tan,1
sweetest,1
fabric-,1
angora,1
lively,1
maternity-looking,1
replaced,1
fiber,1
lovin,1
instagr,1
unstretched,1
marshmallow-like,1
shortie,1
l-xl,1
well-hidden,1
loose/drapery,1
sheath-type,1
hip/pocket,1
awkwardness,1
atypical,1
casual/creative,1
short-sleeve,1
shani,1
c+,1
shoes-,1
full-busted,1
-soooo,1
edgey,1
non-maternity,1
re-stocked,1
hourglass/pear,1
sided,1
36-27-36,1
cheapest,1
bronzy,1
rava,1
flattery,1
2-3x,1
shyle,1
large/wide,1
silk/linen/sequin,1
irritated,1
sparrow,1
mock-neck,1
inc,1
adoreable,1
chest/bust,1
va,1
orlando,1
un,1
green-yellow,1
butterfly,1
neede,1
100-105lbs,1
snug/couldn,1
liner/slip,1
2-6,1
zag,1
astronomical,1
a-lign,1
poochy,1
shifts,1
looser/bigger,1
incidental,1
october,1
savannah,1
ladder,1
disappoin,1
scratchiness,1
32b-26-36,1
underwhelming,1
modern-city-meets-prairie-boho,1
purc,1
na,1
all-over,1
stripped,1
tracy,1
amoret,1
*no,1
dowton,1
breeze,1
five-year,1
sizeable,1
strechable,1
picot,1
petite/regular,1
cupro,1
outdone,1
maternityish,1
cheapish,1
interesting-it,1
sipper,1
bendable,1
seductive,1
ms,1
arms-but,1
cream-patterned,1
non-obvious,1
artificial,1
00-,1
fest,1
long-term,1
shimmy,1
draper,1
springy/summery,1
fascinating,1
apart,1
hear,1
chock,1
delegate,1
free-,1
spirited,1
35/b-c,1
pefect,1
semi-large,1
de-emphasizes,1
moss/olive,1
orange/coral,1
neck-line,1
small/petite,1
coziest,1
a-symmetrical,1
36-29-40,1
blue/red,1
stand-out,1
elysian,1
coored,1
2-,1
3-the,1
perf,1
semi-formal,1
springtime/summer,1
tomato,1
32b-24-35,1
small-or,1
mid-sized,1
ribcage/bust,1
farther,1
*impossible*,1
workout,1
trash,1
slow,1
irradiated,1
undeniable,1
great/fantastic,1
difficu,1
clesrly,1
eh,1
shark,1
zillion,1
retro-swingy,1
girlish-,1
rosemary,1
nighttime,1
believe,1
life-,1
not-too-short,1
tallest,1
sleeves-they,1
tan-ish,1
i-have-to-have-it,1
gourgeous,1
never-could-have-guessed-it,1
invested,1
stitchin,1
annie,1
boho/70s/vintage,1
criss-crossed,1
dangling,1
antique-ish,1
cherry,1
40th,1
nicer/dressier,1
swinging,1
man-repeller,1
tanvi,1
clasic,1
bubblegum,1
hippier,1
straight/slender/petite,1
_____________,1
pleather-like,1
considerate,1
close-,1
small-boned,1
37-38,1
mesmerizing,1
hemant,1
rsty,1
complicated,1
slender-shaped,1
sk,1
work/casual,1
reviews-but,1
white-and,1
curves/an,1
butter,1
burdensome,1
-this,1
type-i,1
jersey/knit,1
deep/low,1
36-26-39,1
gray/black,1
need/wear,1
taupe/nude,1
posterior,1
forcing,1
panic,1
super-petite,1
crowded,1
hel,1
non-hourglass,1
amazon,1
fashioned,1
potato,1
ansy,1
v-like,1
radiant,1
minuet,1
slumpy,1
nearby,1
earth,1
orange/tan/gold,1
cleavage,1
hourglass/,1
one-inch,1
33-26-35,1
hare,1
sour-faced,1
multi-seasonal,1
siz,1
super-layered,1
straight/shift,1
insulting,1
perceived,1
uncomplicated,1
-yay,1
heartbroken,1
fatale,1
visited,1
fitting-too,1
32-26-35,1
no-give,1
purplish-plum,1
sculpted,1
wonderful-it,1
40-29-41,1
stay,1
altho,1
torsos,1
140-150,1
fateful,1
hd,1
quire,1
hips/tummy/butt,1
135-140lbs,1
pathetic,1
black/beige,1
mys,1
34dd-,1
armholes,1
reveiws-i,1
periwinkle-colored,1
box-like,1
textured/thick,1
monthly,1
through-the,1
hearty,1
laika,1
unnoticable,1
obscene,1
korean,1
skirt-,1
amenable,1
inward,1
stra,1
reinforced,1
xl-,1
sensational,1
well-proportioned,1
handsome,1
famine,1
no-brainier,1
blingy,1
bled,1
classic-looking,1
ice,1
fit/flare,1
a-lines,1
joyful,1
strained,1
weddings,1
classic/modern,1
sport,1
two-person,1
undress,1
droppy,1
d/dd,1
notorious,1
deal-breaker,1
low-backed,1
courderoy,1
true-to-life,1
sideways,1
waist/butt,1
thh,1
/4,1
comfortabl,1
sunflower,1
haha,1
browner/neutral,1
seersucker-ish,1
prett,1
male,1
arm/chest,1
bow-back,1
butt/hips,1
abdominal,1
tory,1
knee-,1
out-lined,1
3-1/2,1
racy,1
small-breasted,1
flat-out,1
0-regular,1
skip,1
-but,1
short-,1
wretched,1
passable,1
watercolor-like,1
puzzled,1
crepey,1
a-line/fit-n-flare,1
small/extra,1
34-26-37,1
fuschia,1
pumped,1
conventional,1
cream-white,1
vibrant-,1
mid-length,1
whilst,1
mongolian,1
operatic,1
sole,1
alexandria,1
eastern,1
etro,1
lithuanian,1
julie,1
andrews,1
38-27-35/36c/135,1
queen-worthy,1
beadwork/,1
approx,1
listen,1
graze,1
perfectly-,1
flesh-toned,1
fla,1
untie,1
smashed,1
neverth,1
detail-rich,1
taste-,1
chick,1
non-fussy,1
oatmealish-warm,1
ny,1
fringe-it,1
dangled,1
amazing-delicate,1
mifnight,1
weird/wonky,1
pinterest,1
were-,1
itself-,1
flowy-ish,1
lable,1
magnolia,1
pre,1
140lbs-athletic,1
pictured-the,1
splash,1
spring-like,1
inwas,1
recognizable,1
shows,1
customizable,1
name,1
skirted,1
con-,1
light/airy,1
bra-straps,1
bulky/stiff,1
leftover,1
sp/xsp,1
9-5,1
ican,1
skimmed,1
smaller-chested,1
versitle,1
honor,1
blue-pink,1
sissy,1
sw,1
please-,1
large-busted,1
agustable,1
115lbs-,1
linen-y,1
not-so-perfect,1
combi,1
loooooong,1
wool-like,1
flaps,1
design/pattern,1
shoulders/narrower,1
tan/nude,1
peruvian,1
opal,1
slip-it,1
avant-garde,1
flocked,1
nevery,1
all-polyester,1
bigger/baggier,1
barely,1
medium-regular,1
swishier,1
chintzy,1
freshman,1
expense,1
high/chokes,1
miserable,1
re-checked,1
condition-so,1
gift,1
neitral,1
sleeve/arm,1
com,1
cream/deep,1
eptite,1
creppy,1
slimming-a,1
black/camel,1
work/chu,1
33b-26-36,1
color-feels,1
140-ish,1
lack,1
unexciting,1
xxsp-runs,1
outward,1
lace-,1
nice/forgiving,1
super-cute,1
lightweat,1
youre,1
concealed,1
ewww,1
ia,1
respectable,1
flowly,1
flirt,1
day-to-day,1
corset-type,1
small-of-the-back,1
co,1
32c-24-35,1
interfered,1
screamed,1
scream,1
bel,1
36-38,1
pattten,1
glendale,1
made,1
psychedelic,1
bust/wide,1
slapping,1
forgiven,1
looked/fit,1
dark/tan,1
antropologie,1
shoe,1
sweaty,1
cool-feeling,1
steamy,1
ir,1
sacramento,1
overdress,1
over-dress,1
baggy/big,1
wen,1
unconnected,1
coldest,1
crafty,1
greal,1
raw-hemmed,1
beige-colored,1
retailer-heavy,1
dressy-casual,1
shoulder/bodice,1
finale,1
polyester/rayon/viscose,1
sways,1
light-as-air,1
harmonious,1
aottern,1
peep-toe,1
junior,1
must-try-on,1
highlighted,1
mulit-colored,1
delicate/may,1
near-identically-patterned,1
heavier-weight,1
size-wise,1
well-structured,1
smaller-busted,1
endowed,1
ghis,1
probabley,1
ribcage,1
trip-,1
re-sewn,1
muddled,1
childlike,1
surpass,1
usps,1
unprotected,1
resilient,1
watermelon,1
weightless,1
profile,1
handwashable,1
upto,1
snap-in,1
squarple,1
curly,1
chest/,1
patient,1
dre,1
soooooooo,1
autumn,1
appliquã©,1
airier,1
04-06,1
loos,1
seamed,1
uiu,1
layers-,1
more-so,1
non-breathable,1
linger,1
insubstantial,1
nred,1
ribboned,1
footless,1
olive-tan,1
sallow,1
busty/broad,1
familiar,1
cut/fit,1
dolman-style,1
well-defined,1
wonder,1
clip,1
34-29-38/39,1
old-fashioned,1
upsetting,1
fabulous-looking,1
toronto-british,1
geek,1
window,1
steamer,1
for-,1
princessy,1
purpleish,1
pink-loving,1
peony,1
faux-leather,1
trie,1
cookie-cutter,1
arctic,1
dc,1
doubled,1
flairs,1
run-of-the-mill,1
athletic/slim,1
annual,1
lineba,1
presumptive,1
special-,1
un-tacked,1
simpler,1
fu,1
non-closing,1
mis-read,1
brown/mustard/beige,1
fought,1
waist-defining,1
mocha,1
black/gray/navy,1
minneapolis,1
21-,1
genuine,1
purchasable,1
peoppe,1
minimalist,1
wrist/forearm,1
chamois,1
coveted,1
overal,1
noir,1
leapt,1
*really*,1
incr,1
warmest,1
32c-27-36,1
dim,1
high-maintenance,1
email,1
fun-,1
feel-true,1
favulous,1
hifh,1
curve-less,1
meduim,1
leather/faux,1
believable,1
expensiv,1
flake,1
leather/vegan,1
over-long,1
topper,1
collector,1
russian,1
beneficial,1
non-issue,1
non-defective,1
nov,1
dated,1
syle,1
diagonal-opening,1
thick/poufy,1
furball,1
vinyl,1
rainproof,1
adj,1
neutral-much,1
rooftop,1
coats-,1
40-50,1
tightness,1
biggish,1
30-50,1
exaggerated-,1
mud,1
s-low,1
repellent,1
occas,1
lobster-like,1
delish,1
waist-challenged,1
jessa,1
semi-boxy,1
semi-cropped,1
crinolined,1
when/if,1
bueno,1
xmas,1
sooooooooooooooo,1
trifle,1
shirts,1
couldve,1
oft,1
overexposed,1
uptight,1
hilary,1
beach-it,1
anywhere-even,1
drop-waisted,1
unattached,1
embroid,1
cotton-linen,1
unbeatable,1
quilt,1
booties-,1
redish,1
creamish,1
necessa,1
paranoid,1
needlenose,1
hot-mama,1
sold-out,1
priceless,1
backyard,1
naval,1
underestimated,1
salt,1
long-tunic,1
t-la,1
gonga,1
vas,1
invert,1
geeze,1
wayyyy,1
~145,1
chest/armpit,1
winth,1
shouldered,1
